ID,scenario,M_s,R_s,P_orb,inc,b,ecc,w,R_p,M_EB,R_EB,prob,run
417732194,TP,0.238162,0.265811,5.307476763972528,88.76993749435539,0.6612797635217053,0.03165309069057323,270.57014000722745,1.3439195683280152,0.0,0.0,0.7783617207567679,0
417732194,EB,0.238162,0.265811,5.307476763972528,86.9196625805636,1.7109636214071768,0.14760211993916542,62.914654266806785,0.0,0.2086413458862252,0.2378481029694135,1.0129353864049175e-10,0
417732194,EBx2P,0.238162,0.265811,10.614953527945056,88.05661314872796,0.5299808143507817,0.7741659286451287,137.65582371950134,0.0,0.22927620680698563,0.2563675497959166,0.0006852033839869421,0
417732194,PTP,0.238162,0.265811,5.307476763972528,88.76042092852623,0.6491880632868229,0.015269269321750434,199.9908894706926,1.4479385968805807,0.0,0.0,0.10710013191556976,0
417732194,PEB,0.238162,0.265811,5.307476763972528,86.84708951619936,1.9012344942304626,0.111325692641305,31.007913007771602,0.0,0.2152901649322814,0.24384850740118755,1.5098547230279505e-12,0
417732194,PEBx2P,0.238162,0.265811,10.614953527945056,88.78808630530725,0.9788547402969331,0.530061130511751,187.93484274341623,0.0,0.2366472648796707,0.2629118943525548,0.0006182721579186614,0
417732194,STP,0.23102503030425317,0.257923483624376,5.307476763972528,88.51293547258835,0.27583997727371756,0.7152208130438208,146.00724468426677,2.7638537788552457,0.0,0.0,0.10432905586979958,0
417732194,SEB,0.13661670705994036,0.16685335549594182,5.307476763972528,87.71412278630402,1.7636424633901766,0.13934196006167432,39.39707688196258,0.0,0.1249966963017689,0.15313358719330641,4.420873320295643e-11,0
417732194,SEBx2P,0.19520120684526612,0.2256151970449362,10.614953527945056,88.84292568949016,0.9960927119630404,0.4296693333930469,169.01988881619536,0.0,0.18817717994688055,0.2191441866418742,0.00020219468826642085,0
417732194,DTP,0.238162,0.265811,5.307476763972528,88.75360118474458,0.6523068901591331,0.004789755793288003,295.55556911317126,1.354232257392359,0.0,0.0,0.004325654131966153,0
417732194,DEB,0.238162,0.265811,5.307476763972528,86.96327451357041,1.8120457501592944,0.09654188333646527,44.14387737127146,0.0,0.2094296158800334,0.23856120253291854,4.373316410506793e-13,0
417732194,DEBx2P,0.238162,0.265811,10.614953527945056,88.7570718077623,1.05198471321206,0.4922024400343927,188.08896365821965,0.0,0.23462150431729775,0.2611168951452288,5.898407950000459e-06,0
417732194,BTP,0.5571929256732647,0.569216290987455,5.307476763972528,85.2924109214998,1.1646926985613664,0.48610630967591095,359.5449398601868,15.566338591661044,0.0,0.0,2.5292871141072118e-05,0
417732194,BEB,0.9099313354492188,0.8681452865600584,5.307476763972528,82.61058304267128,1.4194156172003098,0.38481668025778526,52.82151589632082,0.0,0.6015765207722789,0.5967058598612843,0.0003416373906119179,0
417732194,BEBx2P,0.6853211840461281,0.66535052355598,10.614953527945056,81.00656091576641,1.6424864528221015,0.7432088433687308,36.168117097163616,0.0,0.665172915530901,0.66535052355598,0.0002544722901399635,0
417732190,NTP,0.89,0.959613,5.307476763972528,88.27378455039147,0.19255587280007386,0.7257694626404964,356.0707401883382,19.927486864721462,0.0,0.0,3.482340931465755e-20,0
417732190,NEB,0.89,0.959613,5.307476763972528,79.8356279617957,0.6867972441302915,0.7973348474789468,33.11136522036896,0.0,0.6287641283066191,0.6001910788858489,0.0015273747409720298,0
417732190,NEBx2P,0.89,0.959613,10.614953527945056,76.69773110706335,1.1166981307232366,0.8937717829536678,3.964929481591084,0.0,0.8788419278049919,0.9105912923281488,0.0002640393108725219,0
417732191,NTP,0.7198749999999999,0.3453451491235202,5.307476763972528,89.91035340602348,0.05239796758888524,0.045897878509541294,347.63246713621385,19.97946252829473,0.0,0.0,3.364138435048264e-12,0
417732191,NEB,0.7198749999999999,0.3453451491235202,5.307476763972528,89.98529608330522,0.009381811844649146,0.2977727560425559,350.62040937479054,0.0,0.3709539282663697,0.3453451491235202,0.0011689178402889931,0
417732191,NEBx2P,0.7198749999999999,0.3453451491235202,10.614953527945056,89.97562222555185,0.023768777311498433,0.2528303666589701,24.387863506180413,0.0,0.6844172761577536,0.3453451491235202,8.352505754075733e-08,0
417732203,NTP,0.99,1.20127,5.307476763972528,83.479705178794,0.4129711959948868,0.7775255772353512,11.512698668459365,19.696822410839356,0.0,0.0,8.438931173783173e-21,0
417732203,NEB,0.99,1.20127,5.307476763972528,72.89147727608051,1.1211735239912486,0.8153201024400585,5.623770561194439,0.0,0.5376713724334452,0.5462115837440578,0.0007112326212408572,0
417732203,NEBx2P,0.99,1.20127,10.614953527945056,64.76917033262606,1.5109917829410442,0.9052297377301242,5.111775761991995,0.0,0.9811480190418358,1.051679541548464,7.881794663599802e-05,0
417732194,TP,0.238162,0.265811,5.307476763972528,88.72231407147012,0.7497078028273749,0.14923865082011273,241.9384912258783,1.3768859378284033,0.0,0.0,0.7768607127828349,1
417732194,EB,0.238162,0.265811,5.307476763972528,87.02705864653103,1.9263920609251204,0.039907349490041696,2.7641978556865165,0.0,0.22511266680756245,0.25265492160890457,9.425869222036437e-11,1
417732194,EBx2P,0.238162,0.265811,10.614953527945056,88.83451696035036,0.8240971700028236,0.5781137438597759,182.1182128651487,0.0,0.23422919067727324,0.26076896234302316,0.0038817391322059996,1
417732194,PTP,0.238162,0.265811,5.307476763972528,88.7648185329859,0.6314929673340453,0.03306949014036723,33.28812636019916,1.4365394746455422,0.0,0.0,0.10457752710741477,1
417732194,PEB,0.238162,0.265811,5.307476763972528,86.70899055204445,1.6938647177748698,0.2249641008362369,48.39122876766029,0.0,0.1899761509536217,0.22080892303035982,4.28262930898758e-11,1
417732194,PEBx2P,0.238162,0.265811,10.614953527945056,88.4263200015468,0.5254741296171161,0.735976339676261,144.90084325944403,0.0,0.23089601904143028,0.2578087717437396,0.00028530434821692573,1
417732194,STP,0.21204493446916103,0.24092381988082084,5.307476763972528,88.945023490397,0.5839381840921649,0.0007822759022264085,293.31634839738535,1.8618290120201224,0.0,0.0,0.1058217246412953,1
417732194,SEB,0.21686451203457857,0.2452646007652675,5.307476763972528,86.99198813975988,1.5993888331123753,0.2221038282508149,70.28178502220103,0.0,0.19247283107557825,0.22311042383009713,6.57743991334609e-12,1
417732194,SEBx2P,0.18647046098557873,0.2175593255320826,10.614953527945056,88.80437219821223,1.1233900760310624,0.3501511391249254,165.6468849885616,0.0,0.17720681578766417,0.20884438050245951,0.00011921132320912077,1
417732194,DTP,0.238162,0.265811,5.307476763972528,88.7629352615174,0.512594049507516,0.20499040351317868,92.73346961860204,1.3406103549073243,0.0,0.0,0.003987405346366637,1
417732194,DEB,0.238162,0.265811,5.307476763972528,86.87874194691204,1.8493077944099499,0.11557769531729928,35.48009781429365,0.0,0.2052393993850231,0.23476522582977477,1.2528215454269054e-13,1
417732194,DEBx2P,0.238162,0.265811,10.614953527945056,88.6657668701217,0.6440686280657973,0.6319690273739457,152.65331847539167,0.0,0.23113665855252388,0.25802273024449085,1.6016671619771405e-05,1
417732194,BTP,0.9210916137695312,0.8851647109985354,5.307476763972528,81.88420719571103,0.8508782662789376,0.646169985147999,33.87691429523147,11.366645367517167,0.0,0.0,4.430181962606177e-05,1
417732194,BEB,0.9104470825195312,0.8689318008422849,5.307476763972528,82.13133620214393,1.4006228843271045,0.4303297102059839,48.78720777905515,0.0,0.5244030625717011,0.5313918706300728,0.00033024000272772797,1
417732194,BEBx2P,0.8166651222922585,0.7806655856045809,10.614953527945056,76.08117316014085,1.5882228273450494,0.8424278684281323,23.98384729820624,0.0,0.7956301438692931,0.7806655856045809,0.000196642388198193,1
417732190,NTP,0.89,0.959613,5.307476763972528,84.13693571392601,0.39322799504803646,0.7532943948635467,35.94743397443052,19.66195400137569,0.0,0.0,2.5410150071345473e-20,1
417732190,NEB,0.89,0.959613,5.307476763972528,77.41177749495534,0.9557034258780938,0.7973605809257974,20.59274900487621,0.0,0.6522411903936983,0.6761465129332916,0.0014321136870841362,1
417732190,NEBx2P,0.89,0.959613,10.614953527945056,77.5098249854925,0.9479577914616052,0.8809544240148086,20.538032958329243,0.0,0.8805662542240986,0.9126998280168548,0.00031596600904154083,1
417732191,NTP,0.7198749999999999,0.3453451491235202,5.307476763972528,89.90338992560493,0.055696811576515716,0.008431800378119698,44.679786590792276,19.983738246314882,0.0,0.0,3.310064154377219e-12,1
417732191,NEB,0.7198749999999999,0.3453451491235202,5.307476763972528,89.91706593537961,0.0066047625573972405,0.8836409693004548,113.06708091220358,0.0,0.3350070879651987,0.3453451491235202,0.0011752845838884456,1
417732191,NEBx2P,0.7198749999999999,0.3453451491235202,10.614953527945056,89.9513711464494,0.05465862131504513,0.24105718371752755,351.416020284547,0.0,0.6846458367225996,0.3453451491235202,6.774269998796684e-08,1
417732203,NTP,0.99,1.20127,5.307476763972528,83.22376595194908,0.49082079621185964,0.770000120172914,2.953677665615344,19.914128562249974,0.0,0.0,7.948286772016799e-21,1
417732203,NEB,0.99,1.20127,5.307476763972528,73.06854520983627,1.1740729566559178,0.8205005488064298,0.05336366672376247,0.0,0.5640113664544655,0.5723525206349789,0.0008429930738456978,1
417732203,NEBx2P,0.99,1.20127,10.614953527945056,65.44711679494667,1.5947548910240474,0.9025845805324214,1.1238781481397675,0.0,0.94190783667975,0.994825009374272,0.00011274919262399302,1
417732194,TP,0.238162,0.265811,5.307476763972528,88.74521168784706,0.6163675943836582,0.05797666357253057,98.85815192245789,1.3609881305027822,0.0,0.0,0.7934065187139979,2
417732194,EB,0.238162,0.265811,5.307476763972528,86.99928681329332,1.944934307541546,0.044590155390747906,0.9135449891181402,0.0,0.2243821475383365,0.25200229600824453,3.39857573491204e-10,2
417732194,EBx2P,0.238162,0.265811,10.614953527945056,88.71871109910968,1.0702609625487123,0.42526341204883367,177.59405887103614,0.0,0.2323122973438962,0.2590674661719383,0.0008571213384863804,2
417732194,PTP,0.238162,0.265811,5.307476763972528,88.76469976052563,0.6443654078528682,0.012148145692570361,185.4241338733193,1.4616597749077571,0.0,0.0,0.10052193517239125,2
417732194,PEB,0.238162,0.265811,5.307476763972528,86.99982019473556,1.8496799962765125,0.06982086124227915,39.097326642376444,0.0,0.21782112891217856,0.24612418920828505,1.2867151101551104e-10,2
417732194,PEBx2P,0.238162,0.265811,10.614953527945056,87.99591411077593,0.6357940774400559,0.7281721506617025,131.92101687400364,0.0,0.23701102082965478,0.26323393197425005,0.00010947304525575382,2
417732194,STP,0.19927226891482752,0.22933644710813555,5.307476763972528,89.12596310485557,0.47334253398610243,0.08043546148384657,33.30158761078388,1.8225887828695564,0.0,0.0,0.0965858672291559,2
417732194,SEB,0.16898471210568128,0.20090855211710604,5.307476763972528,87.15805488178384,1.4820345680537657,0.3245010040568472,74.33554532517464,0.0,0.1566659664624526,0.1885526078857416,2.8328947151476267e-11,2
417732194,SEBx2P,0.10522493294874913,0.12738282710440596,10.614953527945056,89.31948049767618,0.565077463461037,0.654103062293101,167.70083897567957,0.0,0.10409457729130474,0.12580756058537282,0.00019381247697645887,2
417732194,DTP,0.238162,0.265811,5.307476763972528,88.74492760030809,0.6618014674549917,0.026865960680764276,207.6508143160089,1.362373785885627,0.0,0.0,0.003766887338618402,2
417732194,DEB,0.238162,0.265811,5.307476763972528,86.83640991903414,1.8294582465586324,0.1377809559989309,45.744991568452065,0.0,0.21963839255178755,0.24775533380477952,2.2466389053746786e-14,2
417732194,DEBx2P,0.238162,0.265811,10.614953527945056,88.61903668111789,0.944519689205035,0.4496844360471328,152.01941841769187,0.0,0.23271174755088445,0.259422230701696,3.809237362799393e-06,2
417732194,BTP,0.8344431220160591,0.788055092705621,5.307476763972528,86.44113753643757,0.9037982973586322,0.058605405699986145,126.67149941452456,9.3910219058079,0.0,0.0,3.072129813425336e-05,2
417732194,BEB,0.9262605285644532,0.8930473060607913,5.307476763972528,78.35780688613498,1.2236760791933667,0.6743486073762708,43.25958137424169,0.0,0.5323523111747623,0.5403645797011951,0.00031417676866887594,2
417732194,BEBx2P,0.5381742604573567,0.5420373299916585,10.614953527945056,84.10816290950858,0.6610588188442463,0.8436560150298602,58.50036167911901,0.0,0.5367341577556163,0.5420373299916585,0.00018796208158584682,2
417732190,NTP,0.89,0.959613,5.307476763972528,87.38588004788903,0.3852016803857967,0.7569343617812946,332.3724901267156,19.922418650930403,0.0,0.0,3.09816614479527e-20,2
417732190,NEB,0.89,0.959613,5.307476763972528,79.10760057147002,0.7005900605483774,0.8115390473012996,29.945292116247963,0.0,0.6054028550507203,0.5980218505039361,0.0016197671125775576,2
417732190,NEBx2P,0.89,0.959613,10.614953527945056,76.2618302468879,1.3704754484659212,0.8896004352997948,354.9418887082833,0.0,0.8534582496181211,0.8811892732891234,0.0002988324692365846,2
417732191,NTP,0.7198749999999999,0.3453451491235202,5.307476763972528,89.89867418833488,0.054672894133054616,0.07134981035442564,76.5514932643551,19.952999753947946,0.0,0.0,2.862214063863671e-12,2
417732191,NEB,0.7198749999999999,0.3453451491235202,5.307476763972528,89.95023709588563,0.029218080913493063,0.3177422577578605,1.3670786796442824,0.0,0.33155182553516016,0.3445459739548373,0.001123711939903675,2
417732191,NEBx2P,0.7198749999999999,0.3453451491235202,10.614953527945056,89.96775664784636,0.02725426771198083,0.2883882169006974,59.47030217335125,0.0,0.6866947263850497,0.3453451491235202,5.938081076736338e-08,2
417732203,NTP,0.99,1.20127,5.307476763972528,82.9309047235599,0.4786255489191592,0.7997189221331703,358.89584172481455,19.940971121745623,0.0,0.0,6.519394385687417e-21,2
417732203,NEB,0.99,1.20127,5.307476763972528,64.80024947150159,1.4925628283563896,0.8475659166794132,3.1923080641831314,0.0,0.8386473508450425,0.8653213076943322,0.0008861126605854116,2
417732203,NEBx2P,0.99,1.20127,10.614953527945056,66.00447342339666,1.759980047671731,0.896860744802963,357.22275451092844,0.0,0.965785081397789,1.0292466318106503,9.32312365102928e-05,2
417732194,TP,0.238162,0.265811,5.307476763972528,88.77226539920457,0.6670035527328293,0.0503040683900953,300.7223375595117,1.3447033702910776,0.0,0.0,0.7796370892993042,3
417732194,EB,0.238162,0.265811,5.307476763972528,86.63705435172912,1.8680893477226088,0.18650040043657673,39.41982743155616,0.0,0.21133456103411127,0.2402825848768584,5.9899977061313265e-12,3
417732194,EBx2P,0.238162,0.265811,10.614953527945056,88.79575917870794,0.9675350815480338,0.5395319433455927,189.21761111719525,0.0,0.2288861262297398,0.25602021397808195,0.0029924757636699724,3
417732194,PTP,0.238162,0.265811,5.307476763972528,88.73728419694626,0.5717595906956953,0.13188141371485845,97.25679244956522,1.4295816872136813,0.0,0.0,0.10355034148440419,3
417732194,PEB,0.238162,0.265811,5.307476763972528,87.00579745399457,1.9180288421241545,0.05025906683398924,10.451157445271262,0.0,0.22043553716710262,0.24847009891494684,2.2517345796135867e-11,3
417732194,PEBx2P,0.238162,0.265811,10.614953527945056,88.67875081659896,0.6188728276855354,0.65028478410255,154.13503174572023,0.0,0.23767774525502078,0.26382396996072033,0.0005130253534500511,3
417732194,STP,0.23270190634536364,0.25941349167830074,5.307476763972528,88.74072261328703,0.40716774181911913,0.3899471625095979,92.72858556765293,1.8999136946906876,0.0,0.0,0.10414203384884188,3
417732194,SEB,0.16280655244252581,0.19478979184345027,5.307476763972528,87.29098685770434,1.9290565992498547,0.16229589577638995,23.607454216994835,0.0,0.15043821230064944,0.18204703335089373,3.257964129078273e-11,3
417732194,SEBx2P,0.11404662856631213,0.13927931415910094,10.614953527945056,89.19139339119143,1.095351329607742,0.45973774006082924,191.954414405116,0.0,0.11312303699058882,0.13806584400002708,0.0005843790426765946,3
417732194,DTP,0.238162,0.265811,5.307476763972528,88.74825204873622,0.613548662601155,0.08741346020142472,140.99281735569798,1.3763288419142166,0.0,0.0,0.0038720302561467195,3
417732194,DEB,0.238162,0.265811,5.307476763972528,86.40290128544186,1.6479177917563568,0.30983633863160537,56.510967222152594,0.0,0.19911070583740156,0.22918907283617193,1.2021025269919377e-14,3
417732194,DEBx2P,0.238162,0.265811,10.614953527945056,88.7962145420237,0.6838364701787625,0.6075587919869608,165.04015283595697,0.0,0.23742946262216036,0.2636042781439945,1.2806470365542301e-05,3
417732194,BTP,0.5443596971951999,0.5503942225529599,5.307476763972528,87.7237455349175,0.7117925333889921,0.6068137099710199,327.01588378205605,13.062484996880972,0.0,0.0,1.5658303475504192e-05,3
417732194,BEB,0.8327510918511283,0.7874628821478943,5.307476763972528,78.71604429384625,1.401144639698114,0.6986540861996955,27.93202619290482,0.0,0.6560268356313175,0.6807123704734265,0.00037289192774186123,3
417732194,BEBx2P,0.6624610496969783,0.6475196187636428,10.614953527945056,82.08474251071097,1.9768619350636707,0.7038798406739851,17.492382923851633,0.0,0.6618321762139205,0.6475196187636428,0.00015760565341247295,3
417732190,NTP,0.89,0.959613,5.307476763972528,84.87588426829545,0.38598769479151884,0.7493648063231297,23.77945282461519,19.92843320093256,0.0,0.0,2.93355357541508e-20,3
417732190,NEB,0.89,0.959613,5.307476763972528,79.98583549634964,0.6031267749794473,0.8048450619664009,40.609747369812965,0.0,0.5322611544620975,0.5402631663344326,0.0015811667259406853,3
417732190,NEBx2P,0.89,0.959613,10.614953527945056,76.9530297008163,1.0939450125024701,0.8823883216698659,10.79643739544033,0.0,0.8560857688580908,0.8840950753169574,0.0003722085934261089,3
417732191,NTP,0.7198749999999999,0.3453451491235202,5.307476763972528,89.87651646807402,0.06622061750901131,0.08175425618314523,65.275186537921,19.9991313207267,0.0,0.0,3.788712788067053e-12,3
417732191,NEB,0.7198749999999999,0.3453451491235202,5.307476763972528,89.77505573664914,0.22660004107577647,0.5858484017524098,283.05948962710534,0.0,0.3336108257946602,0.3453451491235202,0.0011058017133051801,3
417732191,NEBx2P,0.7198749999999999,0.3453451491235202,10.614953527945056,89.9673121389206,0.027498972769698808,0.3370870716589781,38.99786519077846,0.0,0.6847589352178277,0.3453451491235202,7.199973406908632e-08,3
417732203,NTP,0.99,1.20127,5.307476763972528,81.54154315602722,0.5409272555448131,0.8311376674165333,352.620546861664,19.854480085266992,0.0,0.0,7.462338286822136e-21,3
417732203,NEB,0.99,1.20127,5.307476763972528,73.72105971781784,0.9608303070507734,0.8532999971982108,357.82267000222276,0.0,0.5089012352482631,0.5133899891466219,0.0010478416740177013,3
417732203,NEBx2P,0.99,1.20127,10.614953527945056,67.31776679529386,1.604611828696384,0.8919290360385114,2.4084798366847737,0.0,0.9531391767354713,1.0109199451296063,4.25718252003662e-05,3
417732194,TP,0.238162,0.265811,5.307476763972528,88.72364594689871,0.5232573512286696,0.22802599904867513,115.96798584502531,1.3800763475577695,0.0,0.0,0.7954024250350995,4
417732194,EB,0.238162,0.265811,5.307476763972528,86.97169454705985,1.9430046026687093,0.05240750641357269,12.635927941235892,0.0,0.22620512027088877,0.2536302049911943,1.1998877028346887e-10,4
417732194,EBx2P,0.238162,0.265811,10.614953527945056,88.46919134669234,0.6550860260665768,0.653602739282196,143.11014606639452,0.0,0.23547647529509735,0.2618747986968704,0.001240691582997236,4
417732194,PTP,0.238162,0.265811,5.307476763972528,88.62003525550703,0.3460954251809558,0.5214235257458535,100.41677246636269,1.4196164093732093,0.0,0.0,0.10239263470999667,4
417732194,PEB,0.238162,0.265811,5.307476763972528,86.78930928857385,1.7738252956888096,0.1709662065130744,51.30670258673969,0.0,0.21417461482965783,0.24284400898438008,2.528482313036088e-11,4
417732194,PEBx2P,0.238162,0.265811,10.614953527945056,88.65834184279171,0.733141127809203,0.5802418830503162,152.9372439458562,0.0,0.23690700700690592,0.2631418559730953,0.00018404369587261772,4
417732194,STP,0.23349475928460792,0.26011734309783907,5.307476763972528,88.82552916255747,0.64599742315322,0.04015958577801109,278.0265792401653,1.876568845680936,0.0,0.0,0.0924542922521669,4
417732194,SEB,0.20679315416483643,0.2361743347832528,5.307476763972528,86.96062401711364,1.5500305140490322,0.2672247030901151,67.1297730324738,0.0,0.17214049890694405,0.20398021166709135,3.951722738367517e-12,4
417732194,SEBx2P,0.17390563883008345,0.20568387774354693,10.614953527945056,88.94184812800498,1.0166268992240681,0.44359702800037765,179.202600696543,0.0,0.16591223840551805,0.19788393131663604,0.0004931608079836172,4
417732194,DTP,0.238162,0.265811,5.307476763972528,88.72520602983799,0.5541507523010826,0.20245392741480087,132.34584523248367,1.3921003545523303,0.0,0.0,0.003732336369407735,4
417732194,DEB,0.238162,0.265811,5.307476763972528,85.62057991484546,1.6224375114519973,0.4498721196344622,56.19911672101456,0.0,0.20030998412091386,0.23028251925985643,2.908244016617034e-15,4
417732194,DEBx2P,0.238162,0.265811,10.614953527945056,88.62785932915259,1.0817673329609154,0.3736327644929371,159.48347245058406,0.0,0.23011030663989926,0.2571099064552969,1.2149709496100833e-06,4
417732194,BTP,0.2180220510309392,0.25915775888616377,5.307476763972528,88.79240407589332,0.6221475959312082,0.01979909897998292,159.49034928721724,1.9417593828486852,0.0,0.0,3.725060755422817e-05,4
417732194,BEB,0.6209450785319011,0.6157088088989259,5.307476763972528,84.51305657309913,0.7849752621464291,0.6623512269399102,41.45644609911797,0.0,0.4145491821988952,0.41506441970292884,0.00023456399490922857,4
417732194,BEBx2P,0.5012677001953125,0.502362777709961,10.614953527945056,85.52652617718377,0.8030996207694293,0.781435346327623,42.598004983471284,0.0,0.4965888264153393,0.49897280186275517,0.00014386930915657865,4
417732190,NTP,0.89,0.959613,5.307476763972528,89.47217558546951,0.08773327778426582,0.7569970773913547,325.88264549744486,19.969293149784207,0.0,0.0,2.8094833207059873e-20,4
417732190,NEB,0.89,0.959613,5.307476763972528,78.88458316446109,0.6819761418073488,0.8134384968450201,33.77996606386697,0.0,0.5838478385273043,0.587578149624179,0.0013453247197073067,4
417732190,NEBx2P,0.89,0.959613,10.614953527945056,77.56718679368359,0.9896093549568741,0.8905644847729403,9.945849613335408,0.0,0.8825187666942979,0.9151037032756992,0.00038585004261496627,4
417732191,NTP,0.7198749999999999,0.3453451491235202,5.307476763972528,89.92539597681933,0.04435748443774095,0.028539975589213517,297.337516898141,19.877703728978066,0.0,0.0,3.4582344504798423e-12,4
417732191,NEB,0.7198749999999999,0.3453451491235202,5.307476763972528,89.98517929809844,0.011755363049979652,0.42549669545031904,312.04940103368045,0.0,0.35314636142825817,0.3453451491235202,0.0011436918088237752,4
417732191,NEBx2P,0.7198749999999999,0.3453451491235202,10.614953527945056,89.97532035971265,0.02137041310359473,0.3418732535543239,30.593804741764007,0.0,0.6872648840072121,0.3453451491235202,6.08541529179892e-08,4
417732203,NTP,0.99,1.20127,5.307476763972528,83.69066165952005,0.9873862729895644,0.8192032700288419,311.7573948625481,19.977329222018284,0.0,0.0,6.316017862012655e-21,4
417732203,NEB,0.99,1.20127,5.307476763972528,70.25028488067774,1.1933850304255254,0.8317592026081924,6.615894805323608,0.0,0.6452819438210307,0.6676898407090974,0.0007424776614925996,4
417732203,NEBx2P,0.99,1.20127,10.614953527945056,66.75613971073172,1.5404933091398496,0.8921546863530317,6.546098417461779,0.0,0.9422189117074175,0.9952679065700629,6.611142443104846e-05,4
417732194,TP,0.238162,0.265811,5.307476763972528,88.75202268500561,0.6443404911517443,0.03793767496753228,168.07987693334667,1.3737971874527144,0.0,0.0,0.7862840147414696,5
417732194,EB,0.238162,0.265811,5.307476763972528,86.92702993690673,1.8180514261131278,0.10838598733504672,45.08434926988872,0.0,0.2131845825887387,0.24195177585369368,5.3804018014958324e-11,5
417732194,EBx2P,0.238162,0.265811,10.614953527945056,88.68716704392376,1.1111224070564465,0.3908933969892992,174.4007388814068,0.0,0.23120675325245352,0.25808504591045034,0.00030945689727454844,5
417732194,PTP,0.238162,0.265811,5.307476763972528,88.8311425614752,0.43159034339820573,0.29485459512795636,78.17677308406468,1.4327642753986778,0.0,0.0,0.10292825713969436,5
417732194,PEB,0.238162,0.265811,5.307476763972528,86.86464486034285,1.6949474145770769,0.17779348714492602,65.1116703034892,0.0,0.22094994007343824,0.24893110405345742,1.841506522778817e-10,5
417732194,PEBx2P,0.238162,0.265811,10.614953527945056,88.71792747629405,1.128670011784642,0.4199915117395295,183.66751694353513,0.0,0.2353898409773319,0.261798021913108,0.00041460008422368856,5
417732194,STP,0.22700392149116155,0.2543428149049972,5.307476763972528,88.85193935050529,0.5999951885618993,0.027705709658174864,116.68383536812382,1.8796938829544028,0.0,0.0,0.10118852762256975,5
417732194,SEB,0.176158479464594,0.20784420524086522,5.307476763972528,87.45719302070343,1.8908932194811718,0.06870661964986045,358.08542168765734,0.0,0.15738422621373016,0.18929085558913714,3.268677360050148e-11,5
417732194,SEBx2P,0.20946067717385355,0.2385892923047998,10.614953527945056,88.83766243136749,0.9746827673044014,0.4636994588125827,174.92389392741788,0.0,0.2090050567018555,0.23817718740563915,8.078413513305894e-06,5
417732194,DTP,0.238162,0.265811,5.307476763972528,88.75532327364458,0.6477579904680036,0.03057510357393898,179.30136009638665,1.3613109751425885,0.0,0.0,0.004286932672255829,5
417732194,DEB,0.238162,0.265811,5.307476763972528,86.79865143484172,1.7895276589419036,0.16081092645528125,47.60648593080476,0.0,0.2077436674682491,0.23703546314526952,1.9515823902976067e-13,5
417732194,DEBx2P,0.238162,0.265811,10.614953527945056,88.74835367199097,0.6088745234307691,0.6500259321297402,158.9513487148773,0.0,0.23387767986620744,0.2604571309244263,1.0466829649505423e-05,5
417732194,BTP,0.4543656196594238,0.4632387435913087,5.307476763972528,86.8208263087697,0.5102935039935914,0.5727558338782099,74.4673602041569,8.394030799536985,0.0,0.0,1.8655161679994036e-05,5
417732194,BEB,0.8297739325629341,0.7864208763970271,5.307476763972528,77.56851588795949,0.9555860052721107,0.78484061500836,50.453430556273304,0.0,0.6501100060419329,0.6735648076130772,0.00026634610887673634,5
417732194,BEBx2P,0.6895190339929917,0.6686248465145336,10.614953527945056,79.44272856844474,0.841631389553413,0.8779018523620445,50.76258018580886,0.0,0.6675764377832933,0.6686248465145336,0.00021176381771631291,5
417732190,NTP,0.89,0.959613,5.307476763972528,88.27691236973739,0.1152988064666792,0.7372619442367436,45.72156890024272,19.956546486977096,0.0,0.0,2.819749071525605e-20,5
417732190,NEB,0.89,0.959613,5.307476763972528,79.38922158567114,0.563752108252918,0.8211379327419517,48.10746971108772,0.0,0.5720227024261869,0.579057612336672,0.0014799574748911954,5
417732190,NEBx2P,0.89,0.959613,10.614953527945056,77.62729942478757,1.0104952726885563,0.8920373311019291,6.773090177434247,0.0,0.858139603708453,0.8863870651375623,0.0004151240878581758,5
417732191,NTP,0.7198749999999999,0.3453451491235202,5.307476763972528,89.73577894705284,0.14047328667593081,0.09291762790094585,61.25226422239348,19.863636221565162,0.0,0.0,2.8638384727031383e-12,5
417732191,NEB,0.7198749999999999,0.3453451491235202,5.307476763972528,89.911641268324,0.030686723474716966,0.4943012549191892,60.57952050190907,0.0,0.3288603737909243,0.3422832109279778,0.0011677779029016918,5
417732191,NEBx2P,0.7198749999999999,0.3453451491235202,10.614953527945056,89.9674848148617,0.03382758591739505,0.30352812880662416,0.8648577257080836,0.0,0.687521038789273,0.3453451491235202,5.973519365579585e-08,5
417732203,NTP,0.99,1.20127,5.307476763972528,84.31500445701941,0.3786131315000448,0.8290684295315625,350.90853875977734,19.85361791176497,0.0,0.0,7.693053793672763e-21,5
417732203,NEB,0.99,1.20127,5.307476763972528,72.96446739653557,0.9992409977564142,0.8183554507678047,13.688454124666457,0.0,0.5564394686012983,0.5654167629078548,0.0009598515565209685,5
417732203,NEBx2P,0.99,1.20127,10.614953527945056,66.1418999184475,1.691074441007624,0.8911807426499601,2.8504255226695063,0.0,0.9813935338681259,1.0520387585967683,5.012948000663551e-05,5
417732194,TP,0.238162,0.265811,5.307476763972528,88.65446000418937,0.4691683475304902,0.3398116088549517,108.68672260614551,1.36501944228374,0.0,0.0,0.7842327848209781,6
417732194,EB,0.238162,0.265811,5.307476763972528,86.97844828642704,1.8101989851238767,0.08645008016458404,62.793342185465065,0.0,0.22461570210343482,0.25221098714652634,1.051952799619014e-11,6
417732194,EBx2P,0.238162,0.265811,10.614953527945056,88.40472129691778,0.5020051286415765,0.7533612482675014,145.85709935419115,0.0,0.228907795500989,0.2560395114337548,0.0003114702764543608,6
417732194,PTP,0.238162,0.265811,5.307476763972528,88.84702686800017,0.44726548128972393,0.26261173341672805,72.6681692727885,1.7503157997103644,0.0,0.0,0.10251052512908326,6
417732194,PEB,0.238162,0.265811,5.307476763972528,87.00909307707292,1.9007861111850495,0.046207794090728484,26.607877305359246,0.0,0.22470222542143747,0.25228828993834196,5.0802819350121934e-11,6
417732194,PEBx2P,0.238162,0.265811,10.614953527945056,88.5575970699765,0.6352767873740827,0.6486233695117745,146.12048730930357,0.0,0.2286529242817165,0.2558125171723621,0.00021741137702661117,6
417732194,STP,0.23748205713918186,0.2636508194837708,5.307476763972528,88.941532947245,0.450369216786492,0.2164127642829369,54.333673233486394,1.8562948164063204,0.0,0.0,0.10450875435779752,6
417732194,SEB,0.15222605821312213,0.1839344257293417,5.307476763972528,87.43154683109992,1.8324573688360215,0.17393111238342243,30.839270227047415,0.0,0.1349127841767676,0.164899529913361,1.257548358622182e-11,6
417732194,SEBx2P,0.16354772245083327,0.19553171216353862,10.614953527945056,88.85591829105599,0.7624294309844853,0.5517771712447906,147.1442373963209,0.0,0.15959642835605914,0.19154984516156653,0.0006158462825130246,6
417732194,DTP,0.238162,0.265811,5.307476763972528,88.80986765915826,0.6565211957097595,0.08527864193736312,313.15241365061127,1.3460732638338486,0.0,0.0,0.0033075234096317002,6
417732194,DEB,0.238162,0.265811,5.307476763972528,86.30764620542196,1.4259573026293069,0.4052005140928381,76.57804996518227,0.0,0.21254570275126503,0.2413756271363856,5.3563442824037563e-14,6
417732194,DEBx2P,0.238162,0.265811,10.614953527945056,88.66089839689494,0.9789462915714348,0.4299927640262594,158.76508264233664,0.0,0.23046776647290904,0.2574279063400182,2.7709658464489938e-06,6
417732194,BTP,0.6987667732238769,0.6970536743164059,5.307476763972528,84.61508829546052,0.9736236303028235,0.4708133963505332,28.260869761665255,18.186698499993568,0.0,0.0,2.570763921385669e-05,6
417732194,BEB,0.95927470814098,0.9372021789550784,5.307476763972528,68.92648190447593,1.5865548975608899,0.8006731683498681,26.801666057107507,0.0,0.8774283438375875,0.9088729794798934,0.0002668605408412518,6
417732194,BEBx2P,0.314261142185756,0.32699929673331113,10.614953527945056,86.78801978256487,0.9281472201306297,0.6873289411571477,87.14211583957815,0.0,0.3039687576320801,0.3212391699698839,0.0001815741986414761,6
417732190,NTP,0.89,0.959613,5.307476763972528,86.97219087791109,0.4534532875002866,0.675665386267578,343.89289737553014,19.857100464395195,0.0,0.0,2.909788822488259e-20,6
417732190,NEB,0.89,0.959613,5.307476763972528,78.31448270461011,0.7073876104109836,0.8162884232916575,34.09265028795608,0.0,0.6046940341879434,0.5977969271623267,0.0015411284756118243,6
417732190,NEBx2P,0.89,0.959613,10.614953527945056,76.30350868797683,1.1137897756543635,0.8891585046560352,8.867300525619125,0.0,0.8637168576108515,0.8927060633238273,0.00036314467211475505,6
417732191,NTP,0.7198749999999999,0.3453451491235202,5.307476763972528,89.97170791157518,0.021289102901352275,0.30543623622050636,260.39418049093115,19.83108644600454,0.0,0.0,2.77698068615113e-12,6
417732191,NEB,0.7198749999999999,0.3453451491235202,5.307476763972528,89.96387515297326,0.012176847161437106,0.5042383768578572,64.51869694148657,0.0,0.3301858393515432,0.3433978395289894,0.001098540034032174,6
417732191,NEBx2P,0.7198749999999999,0.3453451491235202,10.614953527945056,89.97877903610315,0.01805132032114509,0.3000748512269865,50.19178200164008,0.0,0.6842666486443981,0.3453451491235202,6.223171052669126e-08,6
417732203,NTP,0.99,1.20127,5.307476763972528,86.87905340709102,0.23087892878412986,0.7633974117669384,3.3948700473685633,19.555418183567866,0.0,0.0,7.272108282595579e-21,6
417732203,NEB,0.99,1.20127,5.307476763972528,70.60096474269378,1.1084898897020796,0.8146094605786062,19.055663102760075,0.0,0.6456491442328411,0.6681378312982783,0.0007748070913626579,6
417732203,NEBx2P,0.99,1.20127,10.614953527945056,67.18237820958706,1.53806340590811,0.8868689637158473,8.93959502808837,0.0,0.9603707905585821,1.0213788684691567,4.108842040997893e-05,6
417732194,TP,0.238162,0.265811,5.307476763972528,88.74816209364072,0.6533262410223278,0.0021360330376844518,225.31924370706446,1.3659209963949155,0.0,0.0,0.7869827353185676,7
417732194,EB,0.238162,0.265811,5.307476763972528,86.83698897813896,1.7559117236188355,0.15693097996556124,60.175959714822746,0.0,0.21751409632416432,0.245848369870626,1.085534380168822e-11,7
417732194,EBx2P,0.238162,0.265811,10.614953527945056,88.75509477477364,0.9011857367872855,0.48836363284553974,169.206897473128,0.0,0.23181528363832699,0.25862590495057064,0.0006365575152941273,7
417732194,PTP,0.238162,0.265811,5.307476763972528,88.80706219773727,0.5918093956905232,0.06217460945643351,48.21351420158562,1.4454871521759203,0.0,0.0,0.10234345800644072,7
417732194,PEB,0.238162,0.265811,5.307476763972528,86.70883927755366,1.4832115685571008,0.30307450385181306,74.97785965587391,0.0,0.20679650251330112,0.23617736945053647,1.1156435762477776e-10,7
417732194,PEBx2P,0.238162,0.265811,10.614953527945056,88.4554175680039,0.4268002931012552,0.7903293033804873,149.2633989849673,0.0,0.22631179518011177,0.25372539478559103,0.00013026864037535946,7
417732194,STP,0.22986719614389886,0.2568935840294873,5.307476763972528,89.09560591483466,0.49000714858275707,0.15055526889803528,345.07643851311013,1.8298024726191648,0.0,0.0,0.10098661201440334,7
417732194,SEB,0.14108276171001133,0.17188645760225696,5.307476763972528,87.4477770003165,1.4751502368781686,0.3182454596617897,63.73601426155606,0.0,0.11620564686716829,0.1420878247539228,6.580531729029957e-12,7
417732194,SEBx2P,0.10239071304111796,0.12341034717472533,10.614953527945056,89.293238739034,1.0049679494396486,0.5392651035171185,197.18890931003696,0.0,0.0992010784074515,0.11884797376486247,0.000679877329805142,7
417732194,DTP,0.238162,0.265811,5.307476763972528,88.56327527257503,0.23062607017193748,0.7664320070076583,153.72098252106005,2.431204171464133,0.0,0.0,0.003828567138061629,7
417732194,DEB,0.238162,0.265811,5.307476763972528,86.6804896304366,1.846602302155966,0.18431280800563365,35.064721350767016,0.0,0.1971366784266801,0.22738648659344682,4.540520729871788e-14,7
417732194,DEBx2P,0.238162,0.265811,10.614953527945056,88.71144789905601,1.082105313715207,0.4168049160586056,177.4110615372546,0.0,0.22901281538406568,0.2561330318567109,2.251375209766425e-06,7
417732194,BTP,0.7538322624793419,0.7330191004826472,5.307476763972528,86.05178336350109,0.9971166951441801,0.1906945806689216,17.672710236828813,7.150328529641935,0.0,0.0,3.882798294109774e-05,7
417732194,BEB,0.9139749145507812,0.8743117446899413,5.307476763972528,73.35890273382651,1.7300279138524832,0.7675295261452831,13.735366203854893,0.0,0.7577867774972655,0.7875694132942991,0.000295866222059892,7
417732194,BEBx2P,0.8789447473596643,0.8121557978877312,10.614953527945056,77.60616107544041,1.3319545839770335,0.8575514491580649,19.431632655288517,0.0,0.8683740426628445,0.8121557978877312,0.00019853589419861406,7
417732190,NTP,0.89,0.959613,5.307476763972528,88.00419350821836,0.12481088040778163,0.7521944387786991,47.55411889210674,19.87936255637084,0.0,0.0,3.21306150478401e-20,7
417732190,NEB,0.89,0.959613,5.307476763972528,79.12842329342354,0.7533418619314733,0.8035015472527461,26.272047347028987,0.0,0.6114649232401725,0.5995833317193511,0.0014336278363481097,7
417732190,NEBx2P,0.89,0.959613,10.614953527945056,77.11638242999022,1.0771912057089266,0.8816453504208325,11.586854422996318,0.0,0.8619422742583348,0.8906800683198626,0.00042679020068662316,7
417732191,NTP,0.7198749999999999,0.3453451491235202,5.307476763972528,89.91733823003115,0.04728076351243899,0.0159899348819371,120.94789283750367,19.997447321499482,0.0,0.0,3.0344431937163358e-12,7
417732191,NEB,0.7198749999999999,0.3453451491235202,5.307476763972528,89.92210663172138,0.02726789681257058,0.4887018404818103,62.10583702024011,0.0,0.3340355587060327,0.3453451491235202,0.0011965793129936494,7
417732191,NEBx2P,0.7198749999999999,0.3453451491235202,10.614953527945056,89.9728352814312,0.008559470288867659,0.7274252481621561,98.2480805640296,0.0,0.6866877239492931,0.3453451491235202,7.248802502036153e-08,7
417732203,NTP,0.99,1.20127,5.307476763972528,86.64784684845318,0.41661419814466444,0.7710359233451628,329.1500114886925,19.708813390719303,0.0,0.0,6.2687298053952704e-21,7
417732203,NEB,0.99,1.20127,5.307476763972528,74.82204338834886,1.0227777452614186,0.8274296065822393,359.11927762713657,0.0,0.5203602670568692,0.5267451840049681,0.000730582430691494,7
417732203,NEBx2P,0.99,1.20127,10.614953527945056,65.8884168554936,1.6411262154181308,0.8951083229309325,3.097478149162889,0.0,0.9733112795522146,1.0402219072972771,8.879016181664501e-05,7
417732194,TP,0.238162,0.265811,5.307476763972528,88.76054693498126,0.6349008902627835,0.01704349044969674,93.91542317935406,1.3602264359288794,0.0,0.0,0.7823269092500057,8
417732194,EB,0.238162,0.265811,5.307476763972528,86.3466827223883,1.3819262382697814,0.41335164222370546,78.42200235531543,0.0,0.20581705122192254,0.2352893147797364,6.4441392304669385e-12,8
417732194,EBx2P,0.238162,0.265811,10.614953527945056,88.27420455130185,0.6377053955273592,0.6881698161082305,136.53958090997193,0.0,0.22737069769263094,0.2546698700385907,0.000448189160599049,8
417732194,PTP,0.238162,0.265811,5.307476763972528,88.4337130409079,0.22570133493400246,0.7858085851354162,150.81544435115373,2.973328405554154,0.0,0.0,0.11160058435908694,8
417732194,PEB,0.238162,0.265811,5.307476763972528,86.98665955784742,1.9331350750372913,0.05198156382171432,10.413685181501208,0.0,0.22310214870045258,0.2508578917717823,3.598375318363861e-11,8
417732194,PEBx2P,0.238162,0.265811,10.614953527945056,88.68802682462255,1.2814521858096015,0.4270053745287045,198.30517849515118,0.0,0.22746527751445664,0.2547541922408627,0.00013071003167161263,8
417732194,STP,0.23627813681649099,0.2625850133455185,5.307476763972528,88.82164920304118,0.6134171918643686,0.01704469204562874,37.40707020389871,1.883490857753479,0.0,0.0,0.09686899282159597,8
417732194,SEB,0.23405897324608124,0.26061796958010747,5.307476763972528,87.02124082164597,1.684903452484867,0.14595169679133535,70.77275458188771,0.0,0.21754818058988296,0.24587899241786562,8.364859039397252e-11,8
417732194,SEBx2P,0.12993423935935178,0.15907907175768002,10.614953527945056,89.03554881614902,1.3054304903595493,0.5690391859064903,210.90389187015046,0.0,0.12648417751160318,0.15494349645316327,0.00019448852554591382,8
417732194,DTP,0.238162,0.265811,5.307476763972528,88.71458076633994,0.5144826355832772,0.2430350259246607,112.17815538664807,1.3657197187435002,0.0,0.0,0.003921591309599509,8
417732194,DEB,0.238162,0.265811,5.307476763972528,86.90332920739323,1.8038714122515798,0.12166645817942537,52.31427119883742,0.0,0.22078512141309398,0.24878341471106805,1.6933435413823005e-13,8
417732194,DEBx2P,0.238162,0.265811,10.614953527945056,88.66915652994044,1.297351461125669,0.4234251646697335,197.0883070469281,0.0,0.23516433498215722,0.26159815182003343,1.8779094115290917e-06,8
417732194,BTP,0.7305838834322416,0.713490462083083,5.307476763972528,84.51614459366897,0.7885059943494778,0.5073482016720817,63.67267901199185,17.035021325713597,0.0,0.0,3.703261758183231e-05,8
417732194,BEB,0.9992434692382812,1.011243469238281,5.307476763972528,76.51929823154336,1.30288449290307,0.7446184810607694,14.414552009975035,0.0,0.6201497408421512,0.6006328981155992,0.00032299463140932717,8
417732194,BEBx2P,0.3942521112615411,0.40950422252308205,10.614953527945056,84.34281041236756,0.8422764802433249,0.8163194454290272,74.9357132694881,0.0,0.39135138421540855,0.39476882371058014,0.00018099791318983762,8
417732190,NTP,0.89,0.959613,5.307476763972528,89.00248308558042,0.18916424727056974,0.72467893661551,322.70415674216724,19.867094212946494,0.0,0.0,2.6236044117994187e-20,8
417732190,NEB,0.89,0.959613,5.307476763972528,80.00288603387483,0.6184443660111573,0.8145592650626952,30.292494503890563,0.0,0.5128119729477117,0.5179685628468534,0.0016093226274312515,8
417732190,NEBx2P,0.89,0.959613,10.614953527945056,76.43407658533606,1.1161291198793721,0.8921134735883324,5.953797374002856,0.0,0.8480484429596209,0.8752960935072418,0.0004283614559477721,8
417732191,NTP,0.7198749999999999,0.3453451491235202,5.307476763972528,89.92142312600599,0.04358561925684598,0.05801294796269545,133.52748449762532,19.99109468633556,0.0,0.0,2.9725702634038385e-12,8
417732191,NEB,0.7198749999999999,0.3453451491235202,5.307476763972528,89.98054063024495,0.010267661155332876,0.3343742538755288,19.937272522558594,0.0,0.34972354993906213,0.3453451491235202,0.0011989930231714797,8
417732191,NEBx2P,0.7198749999999999,0.3453451491235202,10.614953527945056,89.92290435679635,0.07955897121684068,0.2225217187235213,15.490521432718882,0.0,0.6840376659830192,0.3453451491235202,6.295667348928148e-08,8
417732203,NTP,0.99,1.20127,5.307476763972528,81.44293524858209,0.7623325508584476,0.7981844183593405,341.93498778970013,19.69454605069125,0.0,0.0,6.139146830627284e-21,8
417732203,NEB,0.99,1.20127,5.307476763972528,69.78721681135146,1.1670819820432774,0.8134987283349117,19.963938044684934,0.0,0.7259553780258119,0.7572041620597895,0.0006804129802828611,8
417732203,NEBx2P,0.99,1.20127,10.614953527945056,68.93552912778416,1.4842190754200217,0.879265646689596,10.508624549043137,0.0,0.9544252929680502,1.012775240196546,4.8478297578921546e-05,8
417732194,TP,0.238162,0.265811,5.307476763972528,88.76497973395664,0.6770618044181038,0.052341757746755924,275.907644466028,1.3540517489287978,0.0,0.0,0.7969652305470264,9
417732194,EB,0.238162,0.265811,5.307476763972528,86.98358994359538,1.8958433589791972,0.05715352952868813,32.91979902382509,0.0,0.22491278813274315,0.2524763920782737,1.6745357324137837e-10,9
417732194,EBx2P,0.238162,0.265811,10.614953527945056,88.68030285408425,0.9681908834672416,0.44140992763496056,161.697973370443,0.0,0.23173227175074404,0.25855213885090933,0.000622177340433635,9
417732194,PTP,0.238162,0.265811,5.307476763972528,88.76858557515152,0.6297843822145142,0.02319770184667702,52.343216477633725,1.5794510686087786,0.0,0.0,0.09651884706596657,9
417732194,PEB,0.238162,0.265811,5.307476763972528,86.88755611374471,1.762175469086536,0.14469116710995336,57.6890664098433,0.0,0.22247519446483227,0.2502969380783808,5.073279641283323e-11,9
417732194,PEBx2P,0.238162,0.265811,10.614953527945056,88.76789468974658,0.9337686297704938,0.48209135456464014,174.41966280393132,0.0,0.2264787276608747,0.25387433894167427,0.0004728046029448615,9
417732194,STP,0.19118796712488217,0.22192722437204812,5.307476763972528,88.81604862855255,0.3177782037340654,0.6321053559981366,151.9051328574969,2.6063737643396525,0.0,0.0,0.0965294316287709,9
417732194,SEB,0.14394559595236,0.1750486426518476,5.307476763972528,87.67498874937755,1.8529706696610073,0.10258084401401145,17.211071037326864,0.0,0.1309598156598999,0.1602920414738567,3.8613446339316785e-11,9
417732194,SEBx2P,0.14627828305000978,0.1775899491799981,10.614953527945056,89.01047524769334,0.6208400346787079,0.6298821281497838,154.90333682479684,0.0,0.14093564210258633,0.17172262944218164,0.0006643377046079249,9
417732194,DTP,0.238162,0.265811,5.307476763972528,88.75319088746353,0.6568956064558358,0.014573774721364622,229.84266752040017,1.3556784128179769,0.0,0.0,0.0038586102275562817,9
417732194,DEB,0.238162,0.265811,5.307476763972528,86.96453593295591,1.9027285088299466,0.07576204759655786,24.749685996781086,0.0,0.2255464883928926,0.25304231202289373,5.515298018851399e-12,9
417732194,DEBx2P,0.238162,0.265811,10.614953527945056,88.48335906062057,1.7847668948128985,0.470863344886068,221.7546193207201,0.0,0.23233660274760154,0.259089055593934,2.8430938686090653e-07,9
417732194,BTP,0.8224357265896266,0.7838525043063695,5.307476763972528,85.92663148856963,0.9573932845703759,0.17023547369455708,37.07857154283424,8.690887036593224,0.0,0.0,4.8342906381709696e-05,9
417732194,BEB,0.8428290981716579,0.7909901843600803,5.307476763972528,83.66126162722738,1.631839739852016,0.22711986549499022,74.41472224008092,0.0,0.7724267541845291,0.7909901843600803,0.0003178712030491679,9
417732194,BEBx2P,0.7755305539644682,0.7512456653301526,10.614953527945056,78.52823691163088,1.0316815109374644,0.8697139064123692,32.633574821125414,0.0,0.7700020451242885,0.7512456653301526,0.0001487513886984922,9
417732190,NTP,0.89,0.959613,5.307476763972528,86.23088594890433,0.4084554594776736,0.6806144581830474,9.195434701524782,19.972195068194218,0.0,0.0,2.4254643624578215e-20,9
417732190,NEB,0.89,0.959613,5.307476763972528,78.63111215040821,0.6890618941620978,0.8136888779657697,34.13656635271798,0.0,0.5500529581855816,0.5591715778172905,0.001684040451095651,9
417732190,NEBx2P,0.89,0.959613,10.614953527945056,75.44282595823725,1.1574128421595589,0.8962936735595433,5.933658813921476,0.0,0.8724052328419261,0.9028436014263048,0.00027322148819375916,9
417732191,NTP,0.7198749999999999,0.3453451491235202,5.307476763972528,89.84497610202263,0.08870197950489474,0.025297293886213382,149.17785324879753,19.867917896604116,0.0,0.0,2.202729654070381e-12,9
417732191,NEB,0.7198749999999999,0.3453451491235202,5.307476763972528,89.94146110895873,0.014902515301641677,0.6187895676234315,82.78009085363291,0.0,0.3691420985900679,0.3453451491235202,0.001063902751333517,9
417732191,NEBx2P,0.7198749999999999,0.3453451491235202,10.614953527945056,89.92905278400664,0.0662341024344899,0.3128235399227712,20.987037148335766,0.0,0.6860262074075065,0.3453451491235202,6.39863981032518e-08,9
417732203,NTP,0.99,1.20127,5.307476763972528,80.55727931828369,0.6655003083956175,0.7840859611865911,0.6460604594157893,19.854554256220915,0.0,0.0,6.941974036991034e-21,9
417732203,NEB,0.99,1.20127,5.307476763972528,73.52777352035541,0.9960973635520715,0.8409178429966848,1.3372964595352865,0.0,0.5207779084359442,0.5272273051999217,0.0007585007251075872,9
417732203,NEBx2P,0.99,1.20127,10.614953527945056,67.90460328599504,1.452081739305884,0.8861203553011933,11.451204186218732,0.0,0.958743300177744,1.0190196427590115,7.358140853207751e-05,9
