ID,Tmag,Vmag,GAIAmag,gaiabp,gaiarp,Jmag,Hmag,Kmag,ebv,ra,dec,mass,rad,Teff,logg,plx,disposition,duplicate_id,sep (arcsec),PA (E of N),params_estimated,fluxratio,tdepth
417732194,12.2995,15.13,13.6622,15.4026,12.3964,10.552,9.987,9.729,0.0,82.6681610900643,68.9022134339772,0.238162,0.265811,3180.0,4.96579,34.3159,,,0.0,0.0,,0.9702557043944434,0.002183189506679395
417732190,16.6898,17.503,17.2636,17.7511,16.639,15.871,15.605,15.284,0.0793327,82.6555780639745,68.9055460340907,0.89,0.959613,5239.0,4.42326,0.375259,,,20.243,306.353,,0.0096899535468362,0.21860291304713114
417732191,18.0552,19.1662,18.7771,19.4347,17.9898,17.183,15.909,16.046,0.0758555,82.686060425444,68.9036212399967,0.7198749999999999,0.3453451491235202,4546.0,,0.937386,,,23.742,77.666,"rad,mass",0.003237231316918046,0.6543406588091523
703080657,18.9881,19.6428,19.4709,19.8468,18.9226,,,,0.0789503,82.675364361126,68.9092983315712,1.0013333333333334,1.0141333333333333,5774.0,,0.479408,,,27.16,20.095,"rad,mass",0.001030098372823159,0.0
703080658,18.2054,19.4909,19.0041,19.7417,18.1154,,,,0.0929543,82.668770079414,68.9127745511735,0.68,1.05096,4321.0,4.22741,-0.430616,,,38.028,1.189,,0.0008886713550636067,0.0
417732203,14.8511,15.649,15.364,15.7769,14.7916,14.146,13.791,13.716,0.0776575,82.6463467914926,68.8933717638371,0.99,1.20127,5581.0,4.27442,0.691893,,,42.574,221.624,,0.014008775606741283,0.15120893731857848
703080656,18.6257,19.2658,19.0997,19.461,18.5546,,,,0.0927815,82.7021632661934,68.9088343280771,1.0432857142857144,1.0777142857142858,5891.0,,0.460134,,,50.09,61.57,"rad,mass",0.0003478033372112086,0.0
417732200,17.1897,18.0574,17.7927,18.3076,17.1327,16.371,15.906,16.121,0.0793553,82.6291152013651,68.8980964460993,0.85,1.00436,5085.0,4.36371,0.231679,,,52.729,253.693,,0.0002287873701500988,0.0
703080654,19.5955,20.1655,20.0257,20.2457,19.4254,,,,0.0769884,82.6237778658042,68.8926236216924,1.1231205541666667,1.1635602770833333,6041.744665,,0.831223,,,67.091,239.052,"Teff,rad,mass",3.200196673042899e-06,0.0
703080507,18.6142,19.9588,19.436,20.2017,18.5135,,,,0.0825253,82.7200267852784,68.8973780491033,0.66,0.548625,4207.0,4.77906,0.18644,,,69.435,104.495,,2.005242138607908e-05,0.0
703080659,20.0582,21.1481,20.7706,21.3163,19.8945,,,,0.0789289,82.6150233557721,68.907579286351,0.72775,0.7121,4588.0,,-1.00762,,,71.509,285.697,"rad,mass",4.043758455410269e-07,0.0
703080506,20.4584,21.0469,20.9003,21.1196,20.2762,,,,0.0814238,82.7229465547426,68.8973776870506,1.1047409104166679,1.154370455208334,6019.689092500002,,-0.134813,,,73.105,103.751,"Teff,rad,mass",1.9195820209457426e-06,0.0
417732183,17.4002,19.2524,18.4758,19.495,17.4214,16.088,15.545,14.885,0.0810296,82.7053794811904,68.9181904944225,0.505328,0.507407,3709.0,4.73093,1.37971,,,75.051,39.953,,3.39765901845322e-05,0.0
703080504,17.9141,18.7224,18.4852,18.9491,17.8427,,,,0.0793287,82.6809188734575,68.8817304768171,0.9,0.524692,5253.0,4.9525,0.309037,,,75.571,167.352,,2.734397283058857e-05,0.0
417732187,14.5427,15.49,15.1536,15.6777,14.4847,13.732,13.232,13.09,0.0718609,82.6192502824357,68.9136632928461,0.83,0.898778,5021.0,4.44984,1.3274,,,75.592,303.067,,4.639510384525814e-05,0.0
417732204,16.8366,18.2365,17.6797,18.5141,16.7694,15.767,14.848,14.758,0.0786924,82.7211294038492,68.8931691725833,0.64,0.690005,4115.0,4.56654,0.965112,,,75.983,115.348,,2.994328052585575e-05,0.0
417732193,18.9887,21.0329,20.0272,21.0271,18.6583,17.12,16.235,15.901,,82.7279309294418,68.9026370559305,0.4052999999999999,0.4243124999999999,3481.9249999999997,,,,,77.468,88.844,"Teff,rad,mass",3.840159030089312e-06,0.0
417732210,15.7368,16.166,16.239,16.469,15.5014,14.913,14.477,14.24,,82.6708180833509,68.8806525901609,0.8893333333333328,0.8316666666666656,5321.33333333333,,,,,77.695,177.458,"Teff,rad,mass",0.00012910338632883458,0.0
703080660,19.4683,21.4033,20.4902,21.5652,19.3111,,,,0.0757186,82.6044826719151,68.9010772457734,0.5301818181818182,0.5334454545454546,3743.0,,1.22457,,,82.622,267.192,"rad,mass",3.472814433567904e-08,0.0
417732175,17.1315,17.8996,17.6805,18.1277,17.0687,16.39,15.787,16.002,0.0928901,82.6641099532555,68.9262538891793,0.95,0.733116,5427.0,4.68545,0.362826,,,86.705,356.533,,7.529169932696662e-07,0.0
417732192,17.7278,18.382,18.2103,18.5969,17.6733,17.143,15.938,15.913,0.0775076,82.7350752795497,68.9032227186401,1.0,0.6739495384457724,5770.0,,0.442669,,,86.785,87.569,"rad,mass",1.6452484119290284e-06,0.0
417732174,16.4582,18.8002,17.6696,19.0296,16.5143,15.036,14.349,14.043,0.0665333,82.681011099285,68.926502372596,0.414919,0.420952,3424.0,4.80757,2.62591,,,89.01,10.77,,1.147951191806805e-06,0.0
417732182,16.4914,17.4497,17.1413,17.7173,16.4411,15.534,15.165,15.065,0.0928549,82.7206896203339,68.9185121202392,0.8,1.09175,4897.0,4.26491,0.443476,,,89.849,49.204,,4.115879751189312e-06,0.0
417732206,15.7567,16.434,16.3387,16.8231,15.6935,14.987,14.515,14.403,0.0793819,82.6080186470848,68.8895570013976,1.0,2.45682,5195.0,,0.193505,,,90.297,239.724,mass (evolved),4.810196027711856e-07,0.0
417732180,14.6474,15.317,15.1492,15.5514,14.5892,13.974,13.596,13.613,0.0895032,82.7193259682106,68.9208474076939,1.01,1.15077,5698.0,4.32042,0.776573,,,94.299,44.629,,7.681838814115862e-06,0.0
417732197,17.397,18.1668,17.9468,18.4116,17.3502,16.606,15.651,17.181,0.0827108,82.7410043203229,68.9001782554005,0.93,0.881789,5384.0,4.51582,0.0869283,,,94.683,94.404,,2.8731544773432236e-07,0.0
703080505,20.815,,21.245,,,,,,,82.7062351594943,68.8787330731801,,,,,,,,97.888,149.697,,1.32200319006378e-08,0.0
522257170,19.461,,19.891,,,,,,0.0822538,82.7038559663213,68.8779393363134,,,,,0.0383577,,417732213,98.886,152.077,,3.578957112582898e-08,0.0
417732213,18.464,20.0992,19.3815,19.9779,17.9871,16.795,15.935,16.13,,82.7039915512864,68.8777533057328,0.5330666666666667,0.5365466666666667,3750.9333333333334,,,SPLIT,,99.56,152.168,"Teff,rad,mass",7.475388481917067e-08,0.0
703080663,18.3777,19.5282,19.1184,19.7984,18.3132,,,,0.0928492,82.6300155334605,68.9268543865778,0.71,0.53869,4519.0,4.82665,0.268118,,,101.537,330.903,,4.62053567405293e-09,0.0
417732169,12.3891,13.154,12.9498,13.4201,12.3363,11.613,11.241,11.145,0.0845858,82.652815357292,68.9306018560362,1.0,2.54554,5330.0,,1.1314,,,104.113,349.003,mass (evolved),4.801186343329868e-07,0.0
417732212,16.5471,17.3277,17.1029,17.5485,16.4744,15.742,15.304,15.177,0.0790438,82.6205706632048,68.8785345474245,0.92,0.734864,5336.0,4.66944,0.550235,,,105.232,215.921,,1.3013147771884619e-08,0.0
703080655,20.0249,20.7758,20.564,20.9093,19.8701,,,,0.0777135,82.5906045532859,68.8930881441617,0.9051100839999991,0.8607928780999987,5392.775209999998,,0.503892,,,105.755,251.939,"Teff,rad,mass",3.1077550941501786e-11,0.0
417732202,15.4158,16.06,16.0218,16.5425,15.3615,14.599,14.027,13.975,0.0826609,82.7516462052527,68.8971157852518,1.0,2.06823,5081.0,,0.344915,,,109.743,99.587,mass (evolved),1.79149742657397e-08,0.0
703080529,19.7486,20.2965,20.1646,20.4513,19.6586,,,,0.0776389,82.754452768636,68.904229547424,1.1735916940000002,1.2140790295200001,6163.3384044,,-0.67446,,,112.052,86.246,"Teff,rad,mass",1.684270212250445e-10,0.0
417732216,16.518,17.453,17.0115,17.4079,16.4621,15.95,15.465,15.483,0.0793527,82.6428713854025,68.8719274668181,1.02,1.07059,5708.0,4.38742,0.295063,,,113.855,196.752,,3.2679331124171974e-09,0.0
417732170,17.8565,18.9094,18.5524,19.1771,17.797,16.767,15.947,15.857,0.0928783,82.7129485954713,68.9295972902969,0.75,0.684378,4691.0,4.64254,0.307178,,,114.379,30.45,,7.846572016820154e-10,0.0
703080662,20.8018,,21.2318,,,,,,,82.5840933672774,68.9120550660681,,,,,,,,114.533,288.059,,4.185961962035582e-13,0.0
417732179,14.4552,15.176,14.9254,15.2888,14.3899,13.79,13.539,13.417,0.0907324,82.5945439805951,68.9211850704146,1.07,1.31182,5906.0,4.2317,0.696689,,,117.292,305.646,,2.508977393045201e-10,0.0
703080661,20.6119,,21.0419,,,,,,,82.5786130755935,68.9090054568692,,,,,,,,118.572,281.942,,6.431725305077953e-14,0.0
417732214,15.0206,15.85,15.5562,15.9895,14.9574,14.269,13.911,13.761,0.0789085,82.7293586473679,68.8774779406204,0.95,0.903697,5451.0,4.50375,0.898703,,,119.271,138.268,,2.803765277195525e-09,0.0
703080525,19.6584,20.5533,20.2757,20.728,19.5225,,,,0.0820596,82.757982657781,68.8932179992963,0.8084444444444444,0.7749111111111111,5022.0,,0.0642746,,,120.84,105.503,"rad,mass",5.8641365375694485e-12,0.0
417732218,15.348,15.932,15.7778,16.1024,15.283,14.717,14.392,14.479,0.0793441,82.6691521888981,68.868599321561,1.15,1.48862,6120.0,4.1532,0.356573,,,121.018,179.391,,1.7102110974177144e-09,0.0
417732217,17.2591,17.9479,17.7623,18.1597,17.1944,16.585,16.018,15.69,0.0827118,82.7089202693756,68.8712214622102,1.01,0.859405,5661.0,4.57399,0.151715,,,123.458,154.632,,1.0998908981571113e-10,0.0
703080497,20.5815,,21.0115,,,,,,,82.7525224917813,68.8855928150759,,,,,,,,124.66,118.645,,5.079362871921888e-13,0.0
703080511,18.9415,19.6158,19.4361,19.7914,18.8435,,,,0.0826306,82.7562030549185,68.8873010932666,0.989375,1.000625,5715.0,,0.0242486,,,126.124,115.151,"rad,mass",1.1490847138482481e-12,0.0
417732221,17.7818,18.797,18.4591,19.055,17.7147,16.751,16.342,15.912,0.0792345,82.6788721432123,68.8673468643564,0.76,0.596058,4732.0,4.7683,0.423489,,,126.286,173.68,,2.5998259931080127e-11,0.0
417732163,14.4179,15.035,14.8336,15.1468,14.3541,13.817,13.572,13.538,0.0901858,82.7048466702218,68.9347859397581,1.22,1.16315,6258.0,4.39315,0.726862,,,126.518,22.037,,1.2132469873970638e-10,0.0
417732166,16.1203,18.6057,17.3748,18.8124,16.1854,14.509,13.919,13.684,0.046551,82.627430889492,68.9342446419548,0.355181,0.368184,3365.0,4.85639,3.69859,,,126.802,335.44,,6.9717133878324825e-12,0.0
703080496,19.3539,21.2176,20.3422,21.2667,19.0609,,,,0.0719241,82.7359756382975,68.8766871827463,0.4794999822499997,0.4880166554249998,3632.6666429999996,,1.43403,,,127.185,136.232,"Teff,rad,mass",2.448247380150088e-12,0.0
703080694,19.47,20.7187,20.2533,20.9792,19.391,,,,0.0929169,82.6483580699925,68.9374529320316,0.6954285714285714,0.6863714285714285,4376.0,,-1.69545,,,129.428,348.583,"rad,mass",8.425971881257611e-14,0.0
417732167,17.1021,17.724,17.5649,17.9096,17.0254,16.39,16.244,15.739,0.0929326,82.6158552144291,68.9331726607114,1.09,0.736924,5964.0,4.74065,0.279637,,,130.421,328.736,,6.290319343083406e-13,0.0
703080503,18.4903,19.3506,19.0894,19.5809,18.4145,,,,0.0793169,82.6248612035577,68.8690060121386,0.8228571428571428,0.784,5105.0,,0.324277,,,132.078,205.18,"rad,mass",2.989671858658204e-13,0.0
417732161,12.7185,13.657,13.3769,13.9609,12.6659,11.797,11.214,11.102,0.0928707,82.6814840235096,68.9389539405156,1.0,6.6086,4858.0,,0.43718,,,133.386,7.424,mass (evolved),8.109828664956233e-12,0.0
417732188,15.8261,16.482,16.363,16.805,15.7703,15.089,14.653,14.557,0.0793192,82.5681865419415,68.9121500419956,0.95,1.17987,5445.0,4.27213,0.454839,,,134.373,285.486,,6.6580798212579345e-15,0.0
703080499,20.6672,,21.0972,,,,,,,82.6341269006758,68.866700543649,,,,,,,,135.251,199.063,,2.003722068123037e-14,0.0
703080527,20.5457,21.1538,20.9998,20.8066,19.9386,,,,,82.7697813218061,68.8929364062956,0.9705263157894745,0.9504736842105286,5603.157894736847,,,,,135.881,104.181,"Teff,rad,mass",5.2950600857884914e-15,0.0
703080495,19.2647,,19.6947,,,,,,0.0826685,82.6854191953831,68.8647739245281,,,,,-0.563596,,,136.628,170.563,,1.0295201918441944e-13,0.0
417732223,16.9877,17.7834,17.5519,17.9809,16.8891,16.132,15.719,15.418,0.0793601,82.6840196681392,68.8646369988251,0.91,1.0716,5291.0,4.33704,0.203787,,,136.83,171.347,,7.834969699111974e-13,0.0
522257169,20.4776,,20.9076,,,,,,0.0770035,82.7736421845413,68.8982155945397,,,,,-4.13819,,417732201,137.456,95.961,,3.27341343131943e-15,0.0
703080526,20.7968,,21.2268,,,,,,,82.7743224303235,68.9024145492535,,,,,,,,137.571,89.649,,2.2908418690922112e-15,0.0
703080689,20.7887,,21.2187,,,,,,,82.6327299593889,68.9383691244009,,,,,,,,138.009,340.601,,8.79680146294494e-16,0.0
417732178,16.6695,17.5065,17.2561,17.7492,16.6095,15.894,15.47,15.395,0.0776004,82.7590973761819,68.9223653580652,0.87,0.906611,5165.0,4.46275,0.427618,,,138.336,58.328,,1.7510275294687993e-13,0.0
417732201,17.2857,17.8162,17.6904,17.9855,17.2145,16.53,16.383,15.454,0.0777793,82.7745995462273,68.8978270962052,1.2087999999999999,1.215889282504355,6276.0,,0.292889,SPLIT,,138.844,96.481,"rad,mass",3.261983886627276e-14,0.0
703080652,19.6213,20.6505,20.3011,20.7742,19.4098,,,,0.0790283,82.5859359916753,68.8764632430394,0.7580018496153847,0.7365215536769232,4728.80850823077,,0.109573,,,141.28,229.032,"Teff,rad,mass",2.6708033053861296e-16,0.0
703080665,20.1357,21.355,20.8993,21.3404,19.7697,,,,0.0894061,82.7231498994637,68.9361470946708,0.6969269503000001,0.6911662409600003,4396.9773042000015,,1.37448,,,141.397,30.211,"Teff,rad,mass",2.824862764678337e-15,0.0
417732171,17.9006,,19.2506,20.7257,17.9743,16.544,15.644,15.282,0.0641775,82.7513696666765,68.9277265394181,0.320254,0.337929,3303.0,4.88591,2.03142,,,141.595,49.52,,2.3501328042598582e-14,0.0
417732172,18.5249,,19.7186,21.2785,18.433,16.742,15.662,15.748,0.0734818,82.5815686125178,68.9272371542338,0.24387323483442863,0.26779043150045595,3349.0,,2.03667,,,143.849,308.814,"rad,mass",1.176196836471019e-16,0.0
703080512,18.3025,19.1921,18.917,19.4384,18.2388,,,,0.0827023,82.7753923684654,68.8916585839433,0.84,0.643329,5038.0,4.74548,-0.244624,,,144.09,105.24,,8.778919666612888e-16,0.0
703080500,18.8254,19.9336,19.5412,19.7778,18.3264,,,,0.0785351,82.6100251648536,68.8680203726579,0.7250660576666668,0.7110264230666667,4573.68564088889,,0.530422,,,144.349,211.514,"Teff,rad,mass",5.784169841880514e-16,0.0
703080494,19.7403,21.3318,20.6433,21.3771,19.4287,,,,0.0554262,82.6795476765875,68.8622783501923,0.5607171290769231,0.5743851226461539,3825.2456775384617,,3.29675,,,144.523,174.129,"Teff,rad,mass",2.3430172309767728e-15,0.0
417732159,17.0607,18.2223,17.8064,18.4969,17.0001,15.947,15.359,15.423,0.0927896,82.6553486880466,68.9421775974749,0.71,0.863965,4502.0,4.41633,0.522687,,,144.824,353.429,,7.594559080341775e-16,0.0
417732222,15.2655,15.871,15.7459,16.1236,15.2043,14.628,14.333,14.127,0.079239,82.6097801572425,68.8671740755897,1.04,1.27959,5791.0,4.24096,0.492031,,,147.12,211.0,,4.369218828496098e-15,0.0
703080692,18.6892,20.4162,19.6489,20.5987,18.5379,,,,0.0861578,82.6596956732342,68.9435244223606,0.5832499999999999,0.60125,3903.0,,1.17703,,,149.123,355.789,"rad,mass",1.9674217938532057e-17,0.0
417732224,15.1194,15.807,15.5683,15.9107,15.0538,14.505,14.215,14.176,0.0826462,82.7182140922322,68.8645091544034,1.11,1.60146,6010.0,4.07436,0.386181,,,150.46,154.417,,8.625706493729157e-15,0.0
703080667,19.6195,20.6597,20.3094,20.8575,19.4912,,,,0.0927801,82.7113558775121,68.9412971753683,0.7552173913043478,0.7341826086956522,4716.0,,0.0607269,,,151.408,21.656,"rad,mass",1.8555763806680936e-17,0.0
417732157,18.2219,20.5784,19.3535,20.6916,18.0711,16.297,15.579,15.401,0.0708887,82.656233607582,68.9445584060276,0.2792507818391697,0.2785361469197065,3503.0,,2.15784,,,153.222,354.222,"rad,mass",4.239885120154314e-18,0.0
417732215,17.6184,18.8887,18.4097,19.1482,17.5358,16.472,15.671,15.395,0.0793188,82.5754364496769,68.8755210250977,0.67,0.84955,4315.0,4.40576,0.355891,,,153.913,231.41,,2.775095356716531e-18,0.0
417732226,15.324,16.239,15.9783,16.5531,15.2645,14.361,13.794,13.709,0.0771629,82.6498530154513,68.8598095930562,0.78,1.16239,4828.0,4.19946,0.77035,,,154.49,188.851,,1.1385101692877836e-15,0.0
417732173,17.0564,17.773,17.5758,17.9956,16.997,16.625,15.821,15.718,0.077531,82.7671130427208,68.9267219250148,0.98,0.614113,5541.0,4.8528,0.463559,,,155.592,55.408,,3.640045535804758e-17,0.0
703080687,18.0008,18.9329,18.6375,19.1631,17.9164,,,,0.0929585,82.5669298405516,68.9255845849368,0.82,0.908264,4962.0,4.43546,-0.356952,,,155.786,302.736,,2.1741649448851344e-19,0.0
417732160,18.71,20.5372,19.7014,20.7372,18.5834,16.832,16.39,17.168,0.0865947,82.6141775301142,68.9410769820207,0.22987250160422185,0.2136705884728299,3827.0,,1.10684,,,156.396,333.48,"rad,mass",1.19042755200523e-18,0.0
703080670,19.3345,21.0879,20.3013,21.2902,19.2028,,,,0.0767825,82.7470728990291,68.935387686228,0.57575,0.59375,3873.0,,0.571494,,,157.175,40.513,"rad,mass",4.676690151518018e-18,0.0
703080688,20.8787,,21.3087,,,,,,,82.554184519046,68.9198015990258,,,,,,,,160.643,293.266,,2.3330992100057454e-22,0.0
417732154,10.6153,11.132,11.0351,11.3658,10.5666,10.031,9.754,9.68,0.0453834,82.6740162880566,68.9473372230303,1.122,1.13681,6039.0,4.37668,4.49931,,,162.622,2.669,,0.0,0.0
703080508,17.7667,18.5685,18.3343,18.8089,17.7103,,,,0.0826321,82.7764912924403,68.87940970548,0.91,0.537415,5285.0,4.93649,0.329659,,,162.685,120.255,,9.183942325801487e-20,0.0
417732207,14.8378,15.534,15.3134,15.6867,14.7769,14.186,13.818,13.81,0.0818934,82.7876846899478,68.8877059744357,1.05,1.30505,5833.0,4.228,0.58975,,,163.502,108.572,,6.329641168006473e-19,0.0
703080666,20.2877,21.3328,20.9749,21.272,19.89,,,,,82.7169985513876,68.9447581402739,0.7160000000000006,0.7074000000000003,4525.333333333337,,,,,165.698,22.408,"Teff,rad,mass",6.966717123998767e-21,0.0
703080690,20.7219,,21.1519,,,,,,,82.5844221160497,68.9374713595216,,,,,,,,166.935,319.534,,3.9556553608082606e-22,0.0
703080577,18.107,19.0577,18.7526,19.2933,18.0245,,,,0.0793005,82.5539491958687,68.880788344488,0.8,0.499971,4875.0,4.94327,0.386609,,,166.958,242.539,,2.8027409822313353e-22,0.0
703080653,20.2868,21.3711,20.9919,21.4973,20.0721,,,,0.0740937,82.5668944523019,68.87357021183,0.7322827888461538,0.7149175426307691,4610.500828692308,,3.54128,,,166.96,231.906,"Teff,rad,mass",1.9582761852199245e-22,0.0
417732177,15.24,15.893,15.724,16.1018,15.1752,14.524,14.22,14.1,0.0762208,82.7823687030839,68.9242370048864,1.03,0.886603,5755.0,4.55545,0.743,,,167.831,61.756,,5.182211346034962e-21,0.0
703080664,19.9644,21.1539,20.7155,20.9902,19.4512,,,,0.0909579,82.7319745165392,68.9429868449216,0.7009594056666661,0.7013837622666664,4445.1168302222195,,0.332317,,,168.437,29.343,"Teff,rad,mass",4.3900116630280264e-21,0.0
417732228,15.267,16.0521,15.8236,16.2373,15.1535,14.426,14.061,13.931,,82.6507577727117,68.8556956150782,0.8271999999999992,0.7855199999999998,5112.5999999999985,,,,,168.979,187.686,"Teff,rad,mass",7.231759851572325e-19,0.0
417728367,15.5632,16.107,16.0134,16.3488,15.4895,14.848,14.724,14.472,0.0793317,82.5436062871178,68.9162212887319,1.1,1.25307,5988.0,4.28351,0.4048,,,169.051,287.414,,9.019388051332478e-23,0.0
703080502,17.49,18.2033,18.0075,18.4258,17.4312,,,,0.0793618,82.5866313162879,68.8650141402992,0.98,0.788434,5560.0,4.63576,0.1536,,,170.631,218.332,,1.5115722676378075e-21,0.0
417732158,16.898,17.7055,17.4689,17.948,16.8432,16.134,15.621,15.498,0.092912,82.5975545584344,68.9432090407606,0.91,0.908803,5303.0,4.48017,0.339805,,,173.6,328.26,,5.551831996558917e-22,0.0
417732219,17.7039,18.3386,18.1746,18.4771,17.5772,17.162,16.188,15.787,0.0812189,82.7631976476813,68.8681532377023,1.030857142857143,0.4130928083736206,5862.0,,0.760437,,,173.854,134.808,"rad,mass",1.438283551095746e-21,0.0
417732225,17.229,17.9633,17.7587,18.1874,17.168,16.447,15.709,15.763,0.0826291,82.7469014770528,68.8626025680402,0.96,0.624073,5501.0,4.82987,0.412384,,,175.398,144.353,,2.016527953804699e-21,0.0
703080598,19.5064,20.9785,20.3678,21.1227,19.2919,,,,0.079323,82.5328521580724,68.9009669841139,0.6183836449999999,0.6146228505,3986.76729,,-0.703545,,,175.404,268.597,"Teff,rad,mass",1.067570756436461e-26,0.0
703080693,18.5432,19.9869,19.4044,20.1664,18.3801,,,,0.0927889,82.666310860522,68.9509958664045,0.64,0.556666,4087.0,4.75306,0.399757,,,175.633,359.22,,0.0,0.0
703080489,19.8117,21.3078,20.6817,21.3873,19.5326,,,,0.0774048,82.6329414276869,68.8544428597984,0.6052539519999993,0.6115592554666665,3960.5079039999987,,0.665895,,,177.94,194.895,"Teff,rad,mass",3.4615681798566333e-23,0.0
522257171,20.5027,,20.9327,,,,,,,82.5968903897194,68.8589754963553,,,,,,,417732227,181.04,210.74,,3.7727646644441007e-25,0.0
417732181,15.1957,15.812,15.6945,16.0885,15.1321,14.463,14.084,14.1,0.0761757,82.799682768029,68.9193295648334,1.01,0.925545,5662.0,4.50959,0.748004,,,181.168,70.055,,0.0,0.0
417732227,18.6699,20.933,19.7636,20.9154,18.3563,16.678,16.105,15.905,,82.5963356297464,68.8590482507969,0.3488928571428568,0.3481246428571426,3396.228571428571,,,SPLIT,,181.184,210.978,"Teff,rad,mass",1.8342838291483725e-24,0.0
417728357,17.1736,17.9999,17.7545,18.2212,17.0939,16.265,15.836,15.837,0.0793372,82.5284599760327,68.8987857964128,0.88,0.809747,5201.0,4.56585,0.326776,,,181.467,266.166,,2.006309622269221e-27,0.0
417732211,18.4498,,19.7269,21.5631,18.3497,16.135,15.688,15.309,0.053591,82.7926922615722,68.8792035067545,0.17982617703034326,0.21098747773152293,3129.0,,3.44959,,,181.468,117.102,"rad,mass",2.811618293311883e-25,0.0
703080528,18.6434,19.4678,19.2232,19.6799,18.5547,,,,0.0774258,82.8085867990918,68.9030188135335,0.866,0.8018000000000001,5200.0,,0.448949,,,181.992,89.022,"rad,mass",0.0,0.0
703080510,20.6431,,21.0731,,,,,,,82.7922714108033,68.8773782163368,,,,,,,,184.089,118.999,,7.41040511513839e-27,0.0
703080515,20.0974,21.1847,20.8039,20.9701,19.5416,,,,0.0809035,82.8087719439903,68.8928706409835,0.7342351173076924,0.7165574985384616,4619.481539615385,,1.22466,,,185.328,100.391,"Teff,rad,mass",0.0,0.0
417732152,16.8087,17.4087,17.2578,17.6068,16.7492,16.139,15.693,16.093,0.0929451,82.7304226556763,68.9488431642166,1.13,0.917548,6052.0,4.56589,0.246363,,,186.213,25.618,,1.1770613157653208e-24,0.0
417732199,16.7729,17.5916,17.3496,17.8364,16.7179,16.091,15.479,15.476,0.0777849,82.8115651423865,68.8985044536353,0.89,1.05694,5218.0,4.33935,0.303124,,,186.326,94.043,,0.0,0.0
703080578,19.1439,20.9697,20.121,21.0107,18.8399,,,,0.0769217,82.5426792126529,68.8768040415377,0.5046045636666667,0.5059499059416667,3672.6625500833334,,0.834018,,,186.652,240.713,"Teff,rad,mass",7.649484975348791e-28,0.0
703080509,18.4486,18.9815,18.8548,19.1313,18.3572,,,,0.0826518,82.8032483859748,68.8832332466532,1.2145714285714286,1.328,6288.0,,0.11182,,,187.987,111.251,"rad,mass",3.94431404077794e-27,0.0
703080492,18.8082,20.8749,19.8677,21.0505,18.6799,,,,0.0786878,82.6761275893702,68.849987136409,0.5047272727272727,0.5060818181818182,3673.0,,1.04031,,,188.299,176.85,"rad,mass",3.495149342159932e-25,0.0
703080488,18.346,18.8721,18.7478,19.0442,18.2788,,,,0.0793311,82.6280230771622,68.8517645092342,1.2225714285714286,1.335,6302.0,,0.260479,,,188.934,196.017,"rad,mass",1.36119472135688e-25,0.0
417732196,17.764,16.963,18.5318,19.2421,17.687,16.555,15.58,15.348,0.0774074,82.814215655359,68.901129625407,0.69,0.621698,4394.0,4.68976,0.532351,,,189.311,91.113,,0.0,0.0
703080498,19.4436,21.2337,20.41,21.3546,19.217,,,,0.0788859,82.6147329519462,68.8530367354931,0.5164765523333326,0.5187122937583325,3705.3105189166645,,0.238897,,,190.121,201.406,"Teff,rad,mass",9.802890848920195e-27,0.0
417732153,16.1927,17.0,16.7528,17.2162,16.1341,15.447,15.044,14.96,0.092755,82.5936474428685,68.9483246498379,0.93,0.820066,5363.0,4.57885,0.588775,,,191.99,329.875,,0.0,0.0
703080456,18.833,19.6013,19.382,19.8808,18.8213,,,,0.0826276,82.7543553379689,68.8588199371077,0.9032,0.85788,5388.0,,0.1823,,,192.104,144.368,"rad,mass",1.6165762234882398e-26,0.0
703080490,19.9792,20.6126,20.4487,20.6491,19.7495,,,,0.0765824,82.6365557215997,68.849968099043,1.0263945280000006,1.0542312448000013,5849.183584000002,,0.95493,,,192.501,192.313,"Teff,rad,mass",5.0899095065316775e-27,0.0
417728338,13.0715,13.918,13.6389,14.1102,13.0116,12.195,11.732,11.653,0.0793341,82.5445351516821,68.8725551183045,1.0,5.07823,5273.0,,0.400952,,,192.611,236.393,mass (evolved),8.815223620735688e-27,0.0
417732156,17.5533,18.3757,18.132,18.6149,17.492,16.727,16.802,15.398,0.0758829,82.7582032378434,68.944976712454,0.866,0.5056452136218911,5200.0,,0.791088,,,193.102,37.091,"rad,mass",1.7322035211076764e-26,0.0
703080514,17.8541,18.7585,18.4733,18.6366,17.4133,,,,0.0774193,82.8171076522508,68.8996443653021,0.8097911778181811,0.7758538244727268,5031.090450272723,,0.523907,,,193.246,92.674,"Teff,rad,mass",0.0,0.0
417732232,16.964,,,,,16.387,16.084,15.308,,82.682717,68.848633,0.94,0.914,5480.0,,,,,193.812,174.401,"Teff,rad,mass",4.838025109401341e-26,0.0
417732233,16.5059,16.921,16.9262,17.2436,16.4425,15.787,15.614,15.295,0.082822,82.6828341017833,68.848572984344,1.19,1.37093,6197.0,4.23958,0.120596,,,194.042,174.363,,6.331163520552227e-26,0.0
703080631,17.6748,17.8996,17.856,17.9523,17.5842,,,,0.0793466,82.5184411201569,68.9047890786803,1.7752657417543873,1.7496050693684209,7737.620597543854,,0.280158,,,194.226,272.806,"Teff,rad,mass",1.4050902222651362e-31,0.0
417732198,17.394,,,,,16.139,15.302,14.823,,82.818058,68.900047,0.08,0.104,2420.0,,,DUPLICATE,10001790553,194.411,92.229,"Teff,rad,mass",0.0,0.0
10001790553,17.155,,,,,15.405,14.017,13.904,,82.818108,68.899994,0.7657142857142873,0.7430000000000014,4764.285714285722,,,,,194.484,92.285,"Teff,rad,mass",0.0,0.0
703080696,20.6673,,21.0973,,,,,,,82.6436403958201,68.9555794751651,,,,,,,,194.722,350.631,,0.0,0.0
417732164,14.526,15.183,14.9957,15.3647,14.4666,13.881,13.553,13.503,0.0774184,82.7886799472694,68.934624791525,1.06,1.55841,5852.0,4.07801,0.562915,,,194.857,53.16,,0.0,0.0
703080630,20.0014,,20.4314,,,,,,0.0790974,82.5176917458738,68.9044152588657,,,,,-0.152025,,,195.138,272.398,,8.437499329541471e-33,0.0
417732168,17.6433,18.5925,18.2881,18.8482,17.581,16.638,16.037,15.815,0.0776553,82.7941610056118,68.9325116451643,0.79,0.690925,4874.0,4.65683,0.326939,,,196.266,56.179,,0.0,0.0
703080691,20.2102,20.8169,20.6634,20.8743,20.008,,,,0.0895465,82.608870294517,68.9524745821562,1.0912939531249974,1.1476469765624986,6003.552743749997,,0.788939,,,196.543,337.044,"Teff,rad,mass",0.0,0.0
417732230,18.7442,20.0678,19.5499,19.1822,17.5023,16.184,15.402,14.866,,82.6321229274597,68.8491295491326,0.6459117647058824,0.6346111764705883,4123.64705882353,,,,,196.739,193.765,"Teff,rad,mass",8.134521370038633e-28,0.0
417732234,16.8509,17.7341,17.4621,17.9927,16.8003,15.901,15.723,15.604,0.0825525,82.696542951115,68.8485234960665,0.84,0.818358,5054.0,4.53646,0.464147,,,196.76,169.2,,5.330332201617376e-27,0.0
703080485,19.2179,19.7608,19.6307,19.9092,19.1227,,,,0.0793307,82.6472777677021,68.8480414298562,1.1863459512499996,1.2427877659583324,6201.153170833332,,-0.105745,,,196.892,187.919,"Teff,rad,mass",8.854390050278854e-28,0.0
703080493,17.4837,18.2616,18.0381,18.4907,17.4199,,,,0.0826435,82.6851376248484,68.8477373566264,0.93,0.649043,5358.0,4.782,0.317292,,,197.347,173.584,,2.732955107907736e-27,0.0
417732235,16.355,,,,,15.802,15.655,15.215,,82.697028,68.848213,0.08607142857142863,0.11471428571428575,2591.4285714285725,,,,,197.977,169.082,"Teff,rad,mass",3.685416163263891e-27,0.0
703080702,20.5755,,21.0055,,,,,,,82.5688077218256,68.9442981813093,,,,,,,,198.742,319.716,,1.5829412135041042e-30,0.0
417732186,18.3893,20.1236,19.3494,20.3636,18.2933,16.714,16.173,15.908,0.0728033,82.8195699735195,68.9141109705502,0.3686515779157519,0.3038493547657994,3882.0,,1.36269,,,200.773,77.612,"rad,mass",0.0,0.0
703080454,20.1542,21.423,20.9381,21.4855,19.8627,,,,,82.7055383452797,68.847993102101,0.6627058823529417,0.6477105882352945,4190.823529411767,,,,,201.127,166.03,"Teff,rad,mass",1.129015088404197e-29,0.0
703080491,18.3349,19.7221,19.1731,19.9507,18.2188,,,,0.0785637,82.6742097242427,68.8462490520062,0.64825,0.636435,4133.0,,1.00803,,,201.625,177.766,"rad,mass",9.015926702921404e-29,0.0
417732237,18.3493,20.3531,19.3894,20.5377,18.2202,16.715,15.98,15.544,0.067099,82.6579179058381,68.8461789500904,0.2890786476469185,0.2643253820032105,3696.0,,1.96958,,,202.161,183.774,"rad,mass",6.851772867483489e-29,0.0
