regime,n_sectors,seed,cdpp_1h_ppm,eligible_fraction,n_edge_events,n_skipped_variability,rotation_period,period,sde,snr,depth_ppm,n_transits,snr_threshold,detected,rotation_warning
quiet,1,0,56.36629896334281,1.0,0,0,10.538461538387677,1.9516291758618847,4.617907297999956,6.089326809369441,121.81152946200146,14,7.0,False,False
quiet,1,1,56.813343058114135,0.9990052796694467,0,2,12.454545454458165,2.202247754401912,4.035870035916735,5.231273697481925,73.34701971695168,12,7.0,False,False
quiet,1,2,60.738266022000985,1.0,0,1,12.454545454458165,0.5647366259520574,4.3025183733646735,5.042719871437013,51.90329210336131,46,7.0,False,False
quiet,1,3,56.42881008208154,0.9997704491544878,0,0,12.454545454458165,0.6276124963910292,4.5751082914443995,4.667342156259437,24.624999650058044,42,7.0,False,False
quiet,1,4,57.71176875783097,1.0,0,0,11.41666666658665,2.4500440358495705,5.705602936699771,5.7764956657772295,91.36685881305783,12,7.0,False,False
quiet,1,5,58.368624432848776,0.9989287627209427,0,3,12.454545454458165,3.4426089042720465,3.9555473359311883,5.0976962730343605,159.24061047511984,8,7.0,False,False
quiet,1,6,59.14531718835912,0.9986992118754304,0,0,12.454545454458165,0.7206956233433146,5.121992027706505,5.21553340575457,38.062648753389716,36,7.0,False,False
quiet,1,7,61.2107889843899,1.0,0,0,11.41666666658665,0.5970442243325437,5.617277671912369,5.821777071821102,68.90650652424668,44,7.0,False,False
quiet,1,8,60.77030733680264,1.0,0,0,5.9565217390886875,0.9216838728115153,5.4463588358543715,5.19347050856444,36.605206144457725,29,7.0,False,False
quiet,1,9,60.23080873325915,1.0,0,0,12.454545454458165,1.2946183456532632,4.284005725813607,4.585037341180773,30.17141967398551,20,7.0,False,False
quiet,1,10,58.77841921488338,0.9980870762873977,0,0,12.454545454458165,1.2259289514561797,5.07247473118842,5.727452891444014,84.90670269956091,22,7.0,False,False
quiet,1,11,56.06570387265757,1.0,0,0,11.41666666658665,0.7803265463405824,5.309557354219696,4.812531544945866,35.878421780100034,34,7.0,False,False
quiet,1,12,62.39919134323414,1.0,0,0,11.41666666658665,0.6370797571766199,4.84576867947253,5.101143234768486,74.84899275234102,42,7.0,False,False
quiet,1,13,59.32403935823982,0.9982401101844058,0,0,12.454545454458165,6.95178165803311,4.316084501518455,6.4515706528876935,211.49859415658943,3,7.0,False,False
quiet,1,14,60.94241782771718,1.0,0,0,11.41666666658665,0.5212900220784562,5.194087259721172,4.593184742516109,32.81839289703825,52,7.0,False,False
quiet,1,15,64.59482676861347,1.0,0,2,12.454545454458165,0.7010671663383787,3.5383835865764466,4.801803460595281,52.68930357937851,38,7.0,False,False
quiet,1,16,58.47460939251886,0.9998469661029918,0,1,10.538461538387677,0.5164397334084748,4.977342814210756,5.2156860720921046,24.78750879830738,51,7.0,False,False
quiet,1,17,65.94350738540906,0.9973219068023568,0,0,12.454545454458165,0.5802687361908693,6.466454959346444,5.766528740099739,36.2891501928253,45,7.0,False,False
quiet,1,18,58.58071289509879,0.9986992118754304,0,0,12.454545454458165,0.5175792159826824,4.361918802323921,4.862117834774418,27.260700306674934,51,7.0,False,False
quiet,1,19,60.15116416476086,1.0,0,0,12.454545454458165,1.0403054723504257,5.474466075509022,5.944211104329711,54.797044395815675,25,7.0,False,False
quiet,1,20,56.106196901369394,1.0,0,0,12.454545454458165,0.6582266693812812,5.0851656628765705,5.486287983197904,69.58807906964904,40,7.0,False,False
quiet,1,21,61.93037326221221,0.9986226949269263,0,0,12.454545454458165,1.5547254934782357,6.074165929832133,6.525298452652784,119.62813894939029,17,7.0,False,False
quiet,1,22,56.60902619198746,1.0,0,0,11.41666666658665,1.7683867161214353,4.403857168286705,5.441892418874328,99.83358956355826,16,7.0,False,False
quiet,1,23,56.731622947875906,0.9998469661029918,0,0,12.454545454458165,0.618426907437588,4.155800243575462,4.901609597185787,43.73481667196977,44,7.0,False,False
quiet,1,24,58.80701306976823,0.9995408983089754,0,1,11.41666666658665,1.060663116358072,4.672456190420375,4.353688257296821,30.70339977617742,25,7.0,False,False
quiet,1,25,60.49416771719929,1.0,0,0,10.538461538387677,0.7438827239508295,5.349517470680856,4.77704934885327,37.867429532045804,34,7.0,False,False
quiet,1,26,60.476013142242394,0.9993113474634632,0,0,11.41666666658665,0.6384368994235209,6.4131442318349725,5.873061746433392,55.7917904759897,42,7.0,False,False
quiet,1,27,63.56433724211917,0.9993113474634632,0,0,11.41666666658665,9.842117324111506,3.9936816041741636,6.043415429852976,164.0006097742841,3,7.0,False,False
quiet,1,28,55.386559397211784,0.9994643813604713,0,0,11.41666666658665,0.7256604366032948,5.134411053187574,5.206337382984049,50.781910473918224,36,7.0,False,False
quiet,1,29,53.37867749240564,1.0,0,0,11.41666666658665,0.7485330525987838,5.645759212334237,5.990867386930253,38.18211326878096,36,7.0,False,False
quiet,1,30,64.20343869968399,0.9996939322059836,0,0,11.41666666658665,0.5263058470343286,5.1379202581722705,5.247212469955058,42.735766543233744,50,7.0,False,False
quiet,1,31,57.30784255568728,0.9997704491544878,0,1,11.41666666658665,2.0052545817572907,3.675493929845787,4.664932900129206,89.52821923124965,12,7.0,False,False
quiet,1,32,57.74285244368003,1.0,0,0,12.454545454458165,0.9156562249503242,6.197324844738639,6.575760047109996,55.69179106357236,29,7.0,False,False
quiet,1,33,56.428017816817984,1.0,0,0,11.41666666658665,0.547688282559442,4.974916739016406,5.518522423881239,29.073732494722115,48,7.0,False,False
quiet,1,34,56.106695081807764,1.0,0,0,13.69999999990398,0.5601486428844763,5.031742258305074,5.298888404181447,30.5072604358525,48,7.0,False,False
quiet,1,35,58.09825066647133,1.0,0,1,11.41666666658665,0.5863865892473799,3.8152325072082722,4.81769602007581,25.012762852827386,45,7.0,False,False
quiet,1,36,59.34468683184215,0.9977044915448772,0,0,12.454545454458165,0.5550773993040842,8.11564185235233,7.228621739500188,34.668424394257435,47,7.0,True,False
quiet,1,37,58.00158183738678,0.9980870762873977,0,0,12.454545454458165,0.5310604142141542,6.203642884978754,5.4234844601074474,32.597006774048864,49,7.0,False,False
quiet,1,38,57.65435483031344,0.999158313566455,0,0,11.41666666658665,0.5143767393806028,4.820147485394303,5.527756348456514,28.582093656082108,51,7.0,False,False
quiet,1,39,56.65016350445659,1.0,0,2,12.454545454458165,0.7021869571455044,3.680444793370945,4.164406136487629,26.810963198009574,37,7.0,False,False
quiet,1,40,58.131869843292826,0.9997704491544878,0,0,11.41666666658665,0.5201423699357036,6.035923826687794,5.902587581036387,46.91186551020188,51,7.0,False,False
quiet,1,41,62.542089353120346,1.0,0,0,11.41666666658665,0.5198788992383679,5.810984205793211,5.314293977398584,28.214480019217447,50,7.0,False,False
quiet,1,42,62.0397942679904,0.9984696610299181,0,0,12.454545454458165,1.1487723891887123,5.10917779174952,5.259006613949814,33.84723585531102,22,7.0,False,False
quiet,1,43,60.267411061701345,0.9988522457724386,0,0,12.454545454458165,0.6832356552252044,4.418005496058378,5.06245960146537,31.267025201064946,39,7.0,False,False
quiet,1,44,60.65721190557445,0.9996939322059836,0,0,10.538461538387677,0.7185262490152176,4.690411992855947,5.422180342770104,77.15780284645035,36,7.0,False,False
quiet,1,45,61.433338619083216,1.0,0,2,10.538461538387677,2.6310779586626056,4.234284072103849,4.64959578301007,69.64298063172336,10,7.0,False,False
quiet,1,46,63.45271006737761,1.0,0,0,11.41666666658665,0.6324485621743017,4.487370571010874,4.290520357188608,26.822372920398685,42,7.0,False,False
quiet,1,47,63.321534806397395,1.0,0,0,12.454545454458165,0.5633077778029796,5.300405310390389,5.021803516101216,53.7184198619034,48,7.0,False,False
quiet,1,48,61.74386164244161,1.0,0,0,11.41666666658665,1.5020344794443978,4.472433817282325,5.492325229116078,102.5000352032901,18,7.0,False,False
quiet,1,49,61.46735643455571,1.0,0,1,12.454545454458165,0.822401083156261,4.22174223761263,5.271726223054199,34.64248892026678,33,7.0,False,False
quiet,1,50,60.552768996774326,1.0,0,1,11.41666666658665,0.9468892661925473,4.671471612033034,4.921807077926036,37.67317176361917,28,7.0,False,False
quiet,1,51,61.06500691481401,1.0,0,0,12.454545454458165,0.5419741743330381,6.431705180103621,5.520860459194229,34.921845696644915,49,7.0,False,False
quiet,1,52,59.81408892484099,1.0,0,0,11.41666666658665,0.7752037114977588,4.505061928485663,5.230771570428504,36.80082029200449,34,7.0,False,False
quiet,1,53,58.408698395596,1.0,0,0,12.454545454458165,0.7584396979167686,5.376034142039031,5.107220253271563,53.68764189417341,35,7.0,False,False
quiet,1,54,59.572012297036366,0.9992348305149591,0,0,13.69999999990398,2.0718685027524626,4.434109364809826,5.416394156197765,55.95936420965675,14,7.0,False,False
quiet,1,55,56.768903157826685,1.0,0,1,11.41666666658665,0.5030874776639149,4.928531929531325,4.942667963344346,24.07994001252245,52,7.0,False,False
quiet,1,56,60.30911772326641,1.0,0,1,11.41666666658665,4.303550764089694,4.237217063212378,5.338614800436752,100.0042934110601,6,7.0,False,False
quiet,1,57,59.91170123536498,0.9971688729053485,0,0,12.454545454458165,0.903741825035674,4.7625842288115665,4.025824149502398,27.258693349629937,29,7.0,False,False
quiet,1,58,62.285170975989274,1.0,0,0,5.9565217390886875,0.49986068679336687,5.856661382142006,4.471028009906952,27.46322403024415,53,7.0,False,False
quiet,1,59,59.75196729833248,0.9983166271329099,0,0,12.454545454458165,1.2052049536283893,5.19763967289316,5.541158192422932,44.12910664697289,22,7.0,False,False
quiet,1,60,56.21389374906025,1.0,0,0,12.454545454458165,0.5076451537321621,5.939481359095111,5.830443446821323,42.184506135911626,52,7.0,False,False
quiet,1,61,63.55386556463298,0.9990052796694467,0,0,12.454545454458165,0.8343626480762286,5.79314663741053,5.465281306690261,66.43264089323253,32,7.0,False,False
quiet,1,62,54.56443911314942,0.9996939322059836,0,0,11.41666666658665,0.6604649149297279,4.915806274985996,5.437657565710059,54.75977806368437,40,7.0,False,False
quiet,1,63,58.35621960492711,0.9966332542658198,0,0,11.41666666658665,1.7324693771936186,4.462010602880707,5.1626545631129845,60.85197596295,16,7.0,False,False
quiet,1,64,55.66786685655264,0.9992348305149591,0,0,10.538461538387677,0.5334875669515853,5.369824834982317,5.577000476224754,27.19119456728869,50,7.0,False,False
quiet,1,65,57.019387852447,1.0,0,0,11.41666666658665,5.761237397434358,6.258395762548582,6.737467474536207,260.78934752937766,5,7.0,False,True
quiet,1,66,58.560341616342726,1.0,1,0,11.41666666658665,1.7917908663066922,4.314643475938355,5.578058727764431,53.79462266907886,14,7.0,False,False
quiet,1,67,56.25826852749692,1.0,0,0,13.69999999990398,0.8025603091273187,5.635701631053084,5.910266489571324,66.15715546887114,33,7.0,False,False
quiet,1,68,59.29908908228823,1.0,0,0,11.41666666658665,0.7956974676273761,4.9714575459656105,5.10982408427016,66.95700038861219,32,7.0,False,False
quiet,1,69,55.629253553184476,0.9995408983089754,0,0,12.454545454458165,0.7254214930070805,5.09264894760671,7.343156933372048,28.961274093242118,37,7.0,False,False
quiet,1,70,57.24936672151064,1.0,0,0,12.454545454458165,0.960247838878287,5.062133305269147,5.157407877208366,58.63718284959685,28,7.0,False,False
quiet,1,71,60.04245575860378,0.9996174152574795,0,0,12.454545454458165,0.8597898368623395,4.563513633403769,5.019511047853988,36.50868486138048,30,7.0,False,False
quiet,1,72,59.02162678501399,0.9974749406993649,0,0,12.454545454458165,2.926236384348882,6.816903887227491,5.809353663198653,109.90636637309149,10,7.0,False,False
quiet,1,73,59.701499369590536,1.0,0,0,11.41666666658665,0.5856591433553272,3.9999143806477067,4.149509771967563,47.6738910067942,44,7.0,False,False
quiet,1,74,62.11364098288837,0.9992348305149591,0,0,11.41666666658665,7.303636638166138,5.334827934210271,6.085861960004413,216.60850587701395,4,7.0,False,False
quiet,1,75,52.48148855668493,0.9988522457724386,0,0,12.454545454458165,2.9892493754692593,4.656181490999853,5.697921071631679,132.20365908839239,10,7.0,False,False
quiet,1,76,58.51084963359133,0.9970923559568444,0,0,11.41666666658665,0.9577455111470041,6.172885456170104,5.95458224224245,96.35003329044878,27,7.0,False,False
quiet,1,77,60.234803903243126,1.0,0,0,12.454545454458165,1.0903319077845899,4.377248987716387,5.429695396003521,57.247130838211646,24,7.0,False,False
quiet,1,78,58.92757716166301,0.9993113474634632,0,0,12.454545454458165,0.9547658361677009,4.570356881216688,5.013153770005723,78.1191333777409,28,7.0,False,False
quiet,1,79,56.24785644667739,1.0,0,0,12.454545454458165,0.5042869180565381,4.947825368161464,5.8604464592893475,44.18158560748342,53,7.0,False,False
quiet,1,80,63.29157415154217,1.0,0,0,11.41666666658665,0.5462057000966376,6.049503756122549,5.410916045397402,49.14060150706945,48,7.0,False,False
quiet,1,81,57.586384396030695,0.9999234830514959,0,0,12.454545454458165,0.8856777443615559,3.8502551751767125,5.084469741664945,88.87786340106007,30,7.0,False,False
quiet,1,82,59.55957939218558,1.0,0,0,11.41666666658665,2.521960351674294,5.7530387456945675,5.815951776143468,74.88933940147379,10,7.0,False,False
quiet,1,83,57.72529307739915,0.9998469661029918,0,0,12.454545454458165,1.9409790808920488,4.9473111251833926,5.678735667909102,70.50848791667619,14,7.0,False,False
quiet,1,84,54.59849215148543,1.0,0,0,10.538461538387677,0.9302222905138384,5.874623980649106,5.944561949355574,59.62960856731314,28,7.0,False,False
quiet,1,85,57.43915364266995,1.0,0,0,12.454545454458165,0.7406109220405844,4.951437888803108,6.1581717111884995,32.83050754365746,36,7.0,False,False
quiet,1,86,59.74601725139849,1.0,0,0,11.41666666658665,1.6884471186630725,5.423128315267881,6.223988176880167,43.21779102944845,16,7.0,False,False
quiet,1,87,53.3100077211987,1.0,0,0,12.454545454458165,4.342978461774057,5.397379470089688,6.239214316835786,136.6176463525326,6,7.0,False,False
quiet,1,88,63.07745393324129,0.9996174152574795,0,0,11.41666666658665,1.5587480784547858,4.721891395826643,5.386686024309552,32.187463464228294,18,7.0,False,False
quiet,1,89,56.6781233395679,1.0,0,0,12.454545454458165,0.7406296843253269,4.477465066425821,5.442418328244055,42.489561829728295,36,7.0,False,False
quiet,1,90,61.42149024865503,0.9997704491544878,0,0,12.454545454458165,2.9390147256496273,4.580952424971622,6.475677394003074,176.097159002242,10,7.0,False,False
quiet,1,91,60.08638462026455,0.9998469661029918,0,0,11.41666666658665,0.9260839931283551,4.751084871694046,4.7838950809634415,49.27375110741483,29,7.0,False,False
quiet,1,92,54.95915954781996,1.0,0,0,5.9565217390886875,0.5084431174626897,5.510669288518996,5.700777445782406,27.89693050486708,52,7.0,False,False
quiet,1,93,52.75664778802797,1.0,0,0,12.454545454458165,0.7170170228220784,5.595218941874573,5.486842972727564,38.67454370243273,36,7.0,False,False
quiet,1,94,56.776924013544324,1.0,0,0,11.41666666658665,0.6348242613211956,4.360171337558071,4.455468029494318,43.628886468582984,41,7.0,False,False
quiet,1,95,63.75341071266677,0.998393144081414,0,0,12.454545454458165,0.8777927728611229,5.17760316906652,5.114449983089024,51.54890120029343,30,7.0,False,False
quiet,1,96,57.72563135925298,0.999158313566455,0,0,12.454545454458165,0.9161434811605139,4.832761103151609,5.225330508921441,38.65993327833994,28,7.0,False,False
quiet,1,97,56.05189357876438,1.0,0,0,12.454545454458165,0.5435416500511674,5.678238503035196,5.700406574380768,28.8989995701483,50,7.0,False,False
quiet,1,98,58.16129922100586,1.0,0,0,12.454545454458165,0.6752001893458671,4.565571791945237,5.065118642450269,28.97892508824107,40,7.0,False,False
quiet,1,99,62.46044272287627,0.9993878644119673,0,0,11.41666666658665,0.5022597462170962,4.798295057727293,4.669566562581743,28.892614525544147,52,7.0,False,False
quiet,1,100,58.278830569020215,1.0,0,0,12.454545454458165,0.9380790337211313,5.6923267333696055,5.3431272258428475,36.2618834747197,28,7.0,False,False
quiet,1,101,63.59068948411709,0.9999234830514959,0,2,11.41666666658665,0.5676914865057772,4.263408409350173,4.085787095181828,24.38866578102772,46,7.0,False,False
quiet,1,102,56.738639908487066,1.0,0,0,12.454545454458165,0.560503514234834,5.645554305059702,5.492544285623399,34.58237427578226,47,7.0,False,False
quiet,1,103,63.35614797687677,1.0,0,0,11.41666666658665,0.501547715896864,6.014053618786012,5.246807948603485,27.70405890384353,53,7.0,False,False
quiet,1,104,61.71601722642975,0.9984696610299181,0,0,12.454545454458165,1.46460947685486,4.631359164343011,5.2190416196322635,58.19093886427762,18,7.0,False,False
quiet,1,105,58.81299336694943,0.9990817966179508,0,0,12.454545454458165,0.7299009383202465,4.51476000409988,4.668852351901675,30.43010048231487,36,7.0,False,False
quiet,1,106,57.50672914134537,0.9989287627209427,0,2,12.454545454458165,11.688521761623601,3.8493733769849436,5.01899170619473,176.7991439504124,2,7.0,False,False
quiet,1,107,58.11352192450356,1.0,0,0,11.41666666658665,0.6698844697225383,4.328624680958088,4.857424021526415,23.821298620441134,40,7.0,False,False
quiet,1,108,59.98242168720549,1.0,0,1,12.454545454458165,1.0574971913536237,4.249718347854761,4.319434577212544,64.62324748812698,25,7.0,False,False
quiet,1,109,57.714449866465145,1.0,0,0,11.41666666658665,0.5964999710097899,4.474053469052397,5.354475242556946,25.861399239546223,44,7.0,False,False
quiet,1,110,60.28905347393972,1.0,0,0,11.41666666658665,0.6016447464078658,5.113702205574582,5.047969899551635,32.23012873565523,44,7.0,False,False
quiet,1,111,61.08900807377665,1.0,0,0,12.454545454458165,0.9358241162558311,5.360718472565879,5.151174590314574,35.30019911079929,28,7.0,False,False
quiet,1,112,56.7377954942884,0.9997704491544878,0,0,12.454545454458165,0.5099006984368528,6.07420101496695,5.026204297886984,32.38605456779009,52,7.0,False,False
quiet,1,113,62.05012296481585,0.9989287627209427,0,0,12.454545454458165,0.5646507929488007,5.486305650145189,5.3309444543592255,29.008164027399808,48,7.0,False,False
quiet,1,114,62.17154968276679,0.9993113474634632,0,0,12.454545454458165,0.5724427540474567,5.470399935781193,6.4506111917866145,77.24812019316296,46,7.0,False,False
quiet,1,115,57.415699737169476,0.999158313566455,0,0,11.41666666658665,0.8126259680507133,4.4578775650398645,5.216575696584569,31.68039089496144,33,7.0,False,False
quiet,1,116,61.542844138599015,1.0,0,0,11.41666666658665,0.9824675343348593,4.346559850809418,4.402686799499836,32.812331178466714,27,7.0,False,False
quiet,1,117,60.751485135514734,1.0,0,0,11.41666666658665,0.8118440605493499,4.7531131738406796,5.032385424234275,29.265095805919294,32,7.0,False,False
quiet,1,118,55.32074952373371,0.9990052796694467,0,0,11.41666666658665,0.8394935328255495,4.637706865634719,4.32424139939622,27.597084863995036,32,7.0,False,False
quiet,1,119,55.89341339467741,1.0,0,0,12.454545454458165,0.6372250271760168,5.560744301175551,5.2584018554432435,48.1511406383861,41,7.0,False,False
quiet,1,120,61.10712665133686,0.9996174152574795,0,0,12.454545454458165,1.2770609964411967,5.0897585252065225,5.647387061774945,95.31887591684995,20,7.0,False,False
quiet,1,121,61.43437088057084,1.0,0,1,12.454545454458165,2.373975936917897,4.149476089774934,5.240223433899466,88.27329289307073,12,7.0,False,False
quiet,1,122,61.54664689845356,1.0,0,0,12.454545454458165,2.084028560462895,4.736168064220837,5.212401473902142,105.79672825028474,13,7.0,False,False
quiet,1,123,61.10177567109502,0.9944907797077053,1,1,12.454545454458165,1.0115109510688125,4.427607858617619,4.896342719534049,48.393246745437324,25,7.0,False,False
quiet,1,124,63.53871960607977,0.9978575254418853,0,0,11.41666666658665,2.201020716582437,4.833969039081294,5.343272551083052,68.5812045103651,12,7.0,False,False
quiet,1,125,58.39509530483082,0.9988522457724386,0,0,6.227272727229082,1.4314130299247756,5.725839564211728,5.110535291752866,48.89817951292397,18,7.0,False,False
quiet,1,126,62.10142707174752,1.0,0,0,10.538461538387677,3.052381799264309,4.648286433431007,5.308831440610295,135.24831900479927,8,7.0,False,False
quiet,1,127,63.24385221749329,1.0,0,0,11.41666666658665,1.2442324182897933,5.139152488730698,5.575334298793042,77.50935446459994,21,7.0,False,False
quiet,1,128,58.57674880437831,1.0,0,0,12.454545454458165,0.7066124283510326,5.739892402048592,5.684739337907627,53.09248545248835,38,7.0,False,False
quiet,1,129,56.86620569171949,1.0,0,0,11.41666666658665,0.5587455574919814,4.380362610768855,5.372251067777156,55.61253336294758,47,7.0,False,False
quiet,1,130,59.37881824493205,1.0,0,0,12.454545454458165,0.8043718472490741,4.386758081780652,5.002020123166347,55.0557107646954,33,7.0,False,False
quiet,1,131,66.61493630526151,0.9990052796694467,0,0,11.41666666658665,0.6271833584273476,5.941300544380449,5.1232090311646985,37.909661636192915,42,7.0,False,False
quiet,1,132,59.830807731400405,1.0,0,0,12.454545454458165,0.9228988315430515,5.975908495560783,5.073256682920603,49.576637963233416,28,7.0,False,False
quiet,1,133,60.694870952102036,1.0,0,0,11.41666666658665,1.1934469166711286,4.500654181136816,4.817275537991836,53.38000716448299,23,7.0,False,False
quiet,1,134,64.03805202311412,1.0,0,0,11.41666666658665,0.681558787234829,4.805705285921038,5.545223790474961,52.44444395857695,39,7.0,False,False
quiet,1,135,58.147631694861154,0.9988522457724386,0,1,12.454545454458165,2.111503165505024,4.111145279419859,5.818276203668857,102.25005320851909,13,7.0,False,False
quiet,1,136,55.35440508962154,0.9993113474634632,0,0,11.41666666658665,1.3543329426810733,5.6808581886399665,5.616027667805812,34.330513667080176,20,7.0,False,False
quiet,1,137,60.01796048749757,0.9996174152574795,0,0,5.708333333293325,0.5524540448567732,5.360502915384181,4.59938556267293,24.847140903228038,48,7.0,False,False
quiet,1,138,60.32546740054995,1.0,0,0,5.9565217390886875,0.5193260450968692,5.246769601684322,4.942189922349599,27.37173295397355,52,7.0,False,False
quiet,1,139,62.60311151309178,1.0,0,0,12.454545454458165,1.6816597673977818,5.200330887807911,6.172085300829048,41.07431762401248,16,7.0,False,False
quiet,1,140,56.703355711582354,0.9998469661029918,0,0,12.454545454458165,1.2849467910451349,5.003965125283582,6.102418223283649,33.14812917631915,20,7.0,False,False
quiet,1,141,60.647223701120886,1.0,0,0,11.41666666658665,0.5610717760841808,4.555400076189355,4.782147193991797,58.37752757265058,47,7.0,False,False
quiet,1,142,58.06242271281995,0.9999234830514959,0,0,12.454545454458165,0.9429634379658203,4.389849972160705,5.798914593121242,106.02206617282839,28,7.0,False,False
quiet,1,143,56.66330768388507,1.0,0,0,11.41666666658665,0.6243773783546038,4.098125921826554,4.441470015287894,42.730326522910644,42,7.0,False,False
quiet,1,144,61.7848356169744,1.0,0,0,11.41666666658665,0.6524823349711385,4.691048108418105,5.230303796127508,61.23319200757038,40,7.0,False,False
quiet,1,145,56.39605447703507,1.0,0,0,13.69999999990398,4.578191831749056,6.080769968838161,6.2049116828223045,201.96790952287103,6,7.0,False,False
quiet,1,146,56.558744223458675,0.9992348305149591,0,1,11.41666666658665,0.6758333704456368,4.538900858015098,4.449990207213386,24.9549278520389,40,7.0,False,False
quiet,1,147,58.17539443881856,0.9989287627209427,0,0,12.454545454458165,0.6337637274513169,4.528698273566316,4.737233333830158,28.622625790286627,42,7.0,False,False
quiet,1,148,57.71847230921679,1.0,0,0,11.41666666658665,1.2772227669159382,4.12500499263539,4.721806411211657,33.215145253562284,21,7.0,False,False
quiet,1,149,63.64933878277145,0.9998469661029918,0,0,12.454545454458165,0.6050992249885577,5.652133754514941,5.181070543453322,52.018299265821355,44,7.0,False,False
moderate,1,10000,165.76530054223792,1.0,0,0,7.210526315738938,4.578655776313604,4.606498520864199,5.9741421293624075,385.5470891530599,6,7.0,False,False
moderate,1,10001,182.99969416270292,0.9978575254418853,0,0,6.84999999995199,6.7873331515531,4.294399465867236,5.7459819712286455,314.8161600654564,4,7.0,False,True
moderate,1,10002,169.21387259809813,0.9998469661029918,0,0,6.84999999995199,3.490027152100543,3.641721865428976,3.738754380788651,122.92807375546832,8,7.0,False,True
moderate,1,10003,153.67460856160824,0.9996939322059836,0,0,6.84999999995199,2.8119212202911537,4.039943618168037,6.124892555058188,177.3135326721409,10,7.0,False,False
moderate,1,10004,179.08041794965106,1.0,0,3,6.84999999995199,0.6664652213190893,3.604554780631896,4.422365009202275,119.98307664107256,39,7.0,False,False
moderate,1,10005,171.9905895703529,0.9973984237508609,0,0,7.210526315738938,7.103279199060631,4.333786517975804,5.937646799620466,292.20601964663473,4,7.0,False,True
moderate,1,10006,170.51686329622564,0.9974749406993649,0,0,7.210526315738938,0.5377754307434158,4.867789096832584,4.4164099606991245,84.87329972894919,50,7.0,False,False
moderate,1,10007,168.28817305659558,0.9984696610299181,0,0,6.523809523763799,0.6923131821640236,4.307367583390311,4.507329559861323,75.58813115349227,38,7.0,False,False
moderate,1,10008,170.79089158153917,0.9992348305149591,0,0,7.210526315738938,3.5113999993301372,4.1163828220305225,9.322303140072748,146.69151832524818,8,7.0,False,True
moderate,1,10009,178.95585729697055,1.0,0,0,7.210526315738938,1.062034371708614,3.8993587849945435,4.412716692646827,102.15945429437045,25,7.0,False,False
moderate,1,10010,158.91905580680822,1.0,0,0,6.84999999995199,1.31981886761752,4.597885307401903,5.608320819106449,139.64849020209334,20,7.0,False,False
moderate,1,10011,165.6754459243461,1.0,0,0,6.523809523763799,3.5242329136854305,4.389851188259409,5.04704039657949,115.47217554563893,8,7.0,False,False
moderate,1,10012,170.57199556779753,0.9997704491544878,0,0,6.84999999995199,0.7947506258325701,5.429653307978565,4.603524836501705,80.32167421434534,33,7.0,False,False
moderate,1,10013,179.36974970768262,1.0,0,0,6.84999999995199,3.5738617280261495,3.9629808048426685,5.586418394807624,123.38126030109197,8,7.0,False,True
moderate,1,10014,188.51257256492786,1.0,0,0,7.210526315738938,1.1175416967091103,4.140950990470577,4.490813428815062,164.17545964675372,24,7.0,False,False
moderate,1,10015,186.21291582466537,0.9977810084933812,0,0,7.210526315738938,13.307644553813615,3.8750707758562934,4.737179957018189,389.2292956686472,2,7.0,False,False
moderate,1,10016,181.80325670482972,1.0,0,2,7.210526315738938,1.3230995918798754,3.3992222223853235,3.3847035536562444,71.69573612830771,20,7.0,False,False
moderate,1,10017,162.24363177501874,1.0,0,0,6.84999999995199,0.7882740137263049,5.297172581408929,5.368386050349543,130.2379400036635,32,7.0,False,False
moderate,1,10018,173.03749546126105,0.9986992118754304,0,0,7.210526315738938,0.7173985754044363,5.24077982196506,3.8267737382836655,77.03286323379466,38,7.0,False,False
moderate,1,10019,176.25727800981917,1.0,0,0,7.210526315738938,3.466851674416327,4.990794656174312,6.190069310345949,131.5840065282403,8,7.0,False,True
moderate,1,10020,174.69308238942403,0.9993113474634632,0,0,7.210526315738938,0.8860592564322667,4.738764806288277,4.00310426204919,92.98885260744515,30,7.0,False,False
moderate,1,10021,165.05366355397013,1.0,0,0,7.210526315738938,3.5558901304505226,4.019632893205143,5.511715456305788,118.55010930494902,8,7.0,False,True
moderate,1,10022,165.16524640889023,1.0,0,0,7.210526315738938,9.834640194979782,2.983198682727335,6.026440199665897,354.6910707723505,3,7.0,False,False
moderate,1,10023,173.08869055884674,1.0,0,0,6.84999999995199,0.6089282352547006,3.5667756050999486,3.635455384477138,72.18949415999099,44,7.0,False,False
moderate,1,10024,164.88244126664685,0.9993878644119673,0,0,6.84999999995199,1.9396027749801228,6.693604042277191,6.09480584187377,187.1120892515954,14,7.0,False,False
moderate,1,10025,177.80743748374206,1.0,0,0,6.84999999995199,0.9155634436299291,4.4581059525538365,5.256875399356087,223.06913135294872,29,7.0,False,False
moderate,1,10026,167.45854068937112,1.0,0,0,7.210526315738938,0.5405344461041038,4.819967360481316,4.6700472389576735,74.3991478485695,48,7.0,False,False
moderate,1,10027,169.90097586381683,1.0,0,0,6.84999999995199,1.6620503475765656,4.793799072453322,5.18905304150105,257.74706996517517,16,7.0,False,False
moderate,1,10028,170.29741390863813,1.0,0,0,6.84999999995199,0.6884305609141542,4.8485702759182825,4.856934077322271,122.3215203851602,38,7.0,False,False
moderate,1,10029,167.39329492440118,1.0,0,0,6.84999999995199,4.07707322871077,3.8654757810718197,5.64023771853706,377.44509094506105,6,7.0,False,False
moderate,1,10030,175.09373939846455,0.9987757288239345,0,0,7.210526315738938,1.295077582703369,3.473176127216636,4.585309035456575,114.42134182582109,22,7.0,False,False
moderate,1,10031,164.46362350934632,0.9997704491544878,0,0,7.210526315738938,1.3617641275930208,4.766084657915097,5.918145991054498,149.0820986650432,20,7.0,False,False
moderate,1,10032,185.76859369784657,0.9993878644119673,1,0,6.84999999995199,0.6334587508122914,3.8472691120125853,4.644274080470906,86.04575200432674,42,7.0,False,False
moderate,1,10033,188.02913206078478,0.9995408983089754,0,1,7.611111111057767,11.086035491425855,3.7154476193244754,4.8134877572724175,410.6393699311317,3,7.0,False,False
moderate,1,10034,164.56289281767982,1.0,0,0,6.84999999995199,0.7601709043704875,5.302862193552979,4.403220223568283,87.6798978384219,34,7.0,False,False
moderate,1,10035,173.5331607665912,0.9986226949269263,0,0,6.84999999995199,7.096803994797739,4.6027580892358095,6.24023676298425,322.5687568233493,4,7.0,False,True
moderate,1,10036,186.1758994511855,1.0,0,1,6.523809523763799,1.58033826307924,3.567668668027032,4.272544089403553,154.0110119814253,16,7.0,False,False
moderate,1,10037,170.75804302189937,1.0,0,0,7.611111111057767,0.6811617833568814,4.648742635565059,4.5286699155035794,77.24085327742714,38,7.0,False,False
moderate,1,10038,175.62085148009598,0.9990817966179508,0,0,6.84999999995199,4.747805938349271,4.817716282624124,5.572561975940384,182.4132661318867,6,7.0,False,False
moderate,1,10039,175.98214302314926,0.9993113474634632,0,0,7.210526315738938,2.3628161327117985,4.147368837294081,3.9242312301747737,110.53723950638084,11,7.0,False,False
moderate,1,10040,181.7780408496048,0.9996174152574795,0,1,7.210526315738938,3.3123981737969914,3.4429703495110444,5.623280615664318,142.45292140957488,8,7.0,False,False
moderate,1,10041,164.71325865246766,1.0,0,0,7.210526315738938,0.6170654024492,4.366835817795292,4.753746816395083,75.91094883729887,42,7.0,False,False
moderate,1,10042,169.8497008366499,0.998393144081414,0,0,7.210526315738938,0.8387070202595696,4.112527287251886,5.139862014389368,167.58655728144055,32,7.0,False,False
moderate,1,10043,180.1654963963845,1.0,0,6,6.523809523763799,0.575802492812677,3.180972199323382,4.360880545119896,105.31817878067784,45,7.0,False,False
moderate,1,10044,165.06771209165575,1.0,0,0,6.84999999995199,1.6239261638169404,3.530352448270823,3.3472444370885235,68.85282270041593,16,7.0,False,False
moderate,1,10045,175.0624151629183,1.0,0,0,6.84999999995199,7.069529254831068,5.047391804522003,5.609365473022859,163.9032547586794,4,7.0,False,True
moderate,1,10046,177.92205753633445,1.0,0,0,7.210526315738938,0.5412469757081936,4.729138640365276,4.255930877502597,78.24139321011003,48,7.0,False,False
moderate,1,10047,174.19654088177467,0.9969393220598363,0,0,7.210526315738938,10.029633888127124,3.8731538331356865,8.581873602040657,275.69795429893685,3,7.0,False,False
moderate,1,10048,173.2491468868304,0.9993878644119673,0,0,6.84999999995199,0.7010316466840434,3.54919922050366,5.005618450948274,107.14619245344448,38,7.0,False,False
moderate,1,10049,182.4536597569523,1.0,0,0,6.84999999995199,0.9629274476275353,4.010570787665973,4.073746946100076,102.60848816356915,28,7.0,False,False
moderate,1,10050,175.2916309954477,0.9993878644119673,0,1,6.84999999995199,0.5675189354083461,3.774429612686634,5.543523754067199,201.99845075097312,46,7.0,False,False
moderate,1,10051,179.28753961046542,0.9994643813604713,0,0,6.523809523763799,3.5466237701187824,6.054359313085433,8.878405503994344,180.97654742976755,8,7.0,False,False
moderate,1,10052,171.93923235675135,0.9986226949269263,0,0,7.210526315738938,6.603815428408722,2.745120643415074,6.08703270026052,222.5641045361382,4,7.0,False,False
moderate,1,10053,171.0578432962421,0.9985461779784223,0,0,6.84999999995199,1.1802178962983019,4.688957770052468,4.731065231779887,93.39861853507881,24,7.0,False,False
moderate,1,10054,171.589662576887,0.997551457647869,0,0,7.210526315738938,3.8543035918463895,4.403659819517342,5.798744137924234,217.3737118562613,8,7.0,False,False
moderate,1,10055,160.81179799016536,0.9997704491544878,0,0,7.210526315738938,1.0795031298558657,4.214728653948627,4.955979156697348,80.87712448479056,25,7.0,False,False
moderate,1,10056,159.97646599299782,1.0,0,0,6.84999999995199,0.6689178595684888,4.031253563843784,4.212307890564172,109.22511006017376,39,7.0,False,False
moderate,1,10057,174.9351229199188,1.0,0,0,6.84999999995199,11.616200044872613,3.460079578315426,4.913286135159189,231.0393783034881,3,7.0,False,False
moderate,1,10058,167.92732207426232,1.0,0,0,6.84999999995199,0.6133871993010205,4.623116233119152,5.039059258962425,106.34875538184652,42,7.0,False,False
moderate,1,10059,169.8257822254226,0.9993113474634632,0,0,6.84999999995199,1.7686107248096579,4.5611024487342,4.770733991637162,94.83735782811476,16,7.0,False,False
moderate,1,10060,193.03709005242087,1.0,0,0,7.210526315738938,3.568614416753464,4.5070371627056875,5.3165803044891815,130.07071747739298,8,7.0,False,True
moderate,1,10061,182.03593699700673,1.0,0,0,6.84999999995199,3.4997662079080594,4.3891760267889515,7.032039832412441,124.33237577091916,8,7.0,False,True
moderate,1,10062,173.5860922247618,0.9986992118754304,0,0,7.210526315738938,2.0236260558640753,4.483218360744835,5.916486361733757,111.36149067447754,14,7.0,False,False
moderate,1,10063,175.434854737216,1.0,0,0,6.84999999995199,0.7961007210907716,5.259169304486447,4.690685284738612,99.10900436793656,34,7.0,False,False
moderate,1,10064,169.97430185821815,1.0,0,0,6.84999999995199,1.679786331245504,4.826540389812805,4.423902357188448,98.08539398215021,16,7.0,False,False
moderate,1,10065,157.85511879488098,1.0,1,0,6.84999999995199,3.1162159549432022,4.064258513390557,5.585968855273768,231.86496481730768,9,7.0,False,False
moderate,1,10066,158.3449404917097,1.0,0,0,6.84999999995199,1.5967572623345252,3.8145044272896844,3.8679872419055985,93.18688640125305,16,7.0,False,False
moderate,1,10067,185.34411136219845,1.0,0,0,7.210526315738938,3.620793958766479,3.455591884325101,4.595349098958818,130.99564778262794,8,7.0,False,True
moderate,1,10068,173.06962163842664,0.9996174152574795,1,0,7.210526315738938,4.025144392751411,4.158579327854563,5.985166730833963,151.88011626121602,7,7.0,False,False
moderate,1,10069,176.09499601093813,0.9996939322059836,0,0,6.84999999995199,0.5002027067056823,5.097982600354629,4.086000257176715,76.97271227546932,53,7.0,False,False
moderate,1,10070,185.2011960766267,1.0,0,0,6.84999999995199,0.9334327272424062,3.5756545371514825,3.4739956894839708,76.41125647284142,28,7.0,False,False
moderate,1,10071,195.7040595757715,1.0,0,2,7.210526315738938,0.5759483805072912,3.983420190020166,4.107248984877477,88.10093255162687,45,7.0,False,False
moderate,1,10072,171.38699602607142,0.9993113474634632,0,0,6.84999999995199,3.4136028795047015,5.556626076812959,5.601936408352064,149.4489281093081,7,7.0,False,True
moderate,1,10073,183.81166104791552,0.9973219068023568,0,0,6.84999999995199,1.0781639448682283,5.084565294428208,5.634837215960514,247.49069982055173,25,7.0,False,False
moderate,1,10074,166.72888234024967,1.0,0,0,7.210526315738938,3.4400806760524256,6.263091414216124,4.923214327350457,180.06669520431728,8,7.0,False,True
moderate,1,10075,170.0113501272212,0.9995408983089754,0,0,6.84999999995199,6.783035890216374,5.5665287825573,6.330669017144419,229.2225584392682,4,7.0,False,True
moderate,1,10076,179.39759388329372,1.0,0,0,6.84999999995199,1.1774107621724108,4.599877984140371,4.438545725386215,103.05029242596575,22,7.0,False,False
moderate,1,10077,177.39326819574524,1.0,0,0,6.523809523763799,0.680954742708853,5.02740958845115,4.8761190393830125,91.23847185921186,38,7.0,False,False
moderate,1,10078,190.64656110207935,0.9986226949269263,0,0,7.210526315738938,6.570274440176101,3.375098150656225,6.1998019178875365,218.73953464390806,4,7.0,False,False
moderate,1,10079,175.1881017622643,0.9956385339352667,0,0,6.523809523763799,0.7459207633928632,4.105226682032601,4.286302437821683,71.43074719151431,36,7.0,False,False
moderate,1,10080,174.76102462933437,1.0,0,1,7.210526315738938,0.7066303293341111,3.8496369387386,3.5136032289657373,71.70932114319851,36,7.0,False,False
moderate,1,10081,177.67846473485233,0.9996174152574795,0,2,6.227272727229082,0.7638967151380023,3.5148126650315312,3.9641424363616347,96.75147265908457,35,7.0,False,False
moderate,1,10082,157.4798499277359,0.9986226949269263,0,0,6.84999999995199,0.970519370827698,4.5847508514294395,5.026836702347886,94.22548709969725,27,7.0,False,False
moderate,1,10083,170.97998557684454,1.0,0,0,6.523809523763799,3.5522886719781237,4.006326485702183,4.961279929341188,211.47385479614033,6,7.0,False,False
moderate,1,10084,151.6273921551864,1.0,0,0,7.210526315738938,0.5650085165493482,4.2652941274714316,5.696371608077942,229.09142262905746,47,7.0,False,False
moderate,1,10085,166.29478548683247,1.0,0,3,6.523809523763799,7.100580479601468,3.1402763815036545,5.563235481305357,147.84163039838205,4,7.0,False,False
moderate,1,10086,170.3965667509233,1.0,0,0,3.5128205127958925,0.8461122769936046,4.054198946195681,4.687689561927565,214.85842635715625,31,7.0,False,False
moderate,1,10087,157.51549329691485,0.9990052796694467,0,1,6.84999999995199,2.793390223254506,4.480021918616188,4.428844803115806,116.00939979128367,9,7.0,False,False
moderate,1,10088,175.95853382947462,1.0,0,0,6.84999999995199,3.450466967041013,4.331601611980368,6.987301747583716,113.90940035660435,7,7.0,False,True
moderate,1,10089,178.53620253995336,1.0,0,1,6.84999999995199,1.0001212695868393,4.223669086189559,3.500409598583896,90.10354411520538,26,7.0,False,False
moderate,1,10090,180.43970268679496,1.0,0,4,6.84999999995199,0.6013552259056674,2.7239714606207612,4.504620970363147,196.64582994061152,44,7.0,False,False
moderate,1,10091,170.13452340546382,0.9982401101844058,0,0,7.210526315738938,1.7727824626493505,4.302689306440075,5.086664600118472,96.49515154663834,16,7.0,False,False
moderate,1,10092,173.88926626702025,1.0,0,0,6.84999999995199,0.504644750637302,3.380762734927333,4.8220010949423635,80.38864137394074,53,7.0,False,False
moderate,1,10093,177.08060868046076,0.9981635932359018,1,0,7.210526315738938,4.732795076308177,4.263007212851057,5.067029225958754,211.04592243870178,6,7.0,False,False
moderate,1,10094,183.95193543424173,1.0,0,0,6.84999999995199,3.4491560454108474,4.725224193300939,7.458736998633997,136.6095105921339,8,7.0,False,True
moderate,1,10095,185.95391039297775,1.0,0,1,3.424999999975995,3.449680354285952,3.89006087150518,4.649960429174884,160.28170817095065,8,7.0,False,True
moderate,1,10096,185.27393650010876,1.0,0,0,6.84999999995199,3.51843448192538,3.8300745974453947,6.810193732431521,154.75156901112453,8,7.0,False,True
moderate,1,10097,173.70847274838013,0.998393144081414,0,0,7.611111111057767,0.5581089537559694,4.7443867122365395,4.371269307616555,82.5588591518711,47,7.0,False,False
moderate,1,10098,176.10228896097266,0.9973219068023568,0,0,6.84999999995199,0.9498924860475878,3.930659753557076,4.71772517231317,114.02453191811102,28,7.0,False,False
moderate,1,10099,177.16323652115045,1.0,0,0,7.210526315738938,2.7837121509746554,3.923509981701692,4.254121092547624,128.4280910522906,9,7.0,False,False
moderate,1,10100,173.43521094282085,0.9993878644119673,0,0,6.84999999995199,0.5232216602361776,3.9056159634954,4.5799263834278845,104.19732181188301,50,7.0,False,False
moderate,1,10101,177.5826413341596,0.9990052796694467,0,0,6.523809523763799,7.086563657675858,3.6581615141692194,5.746233619130662,232.8549191917828,4,7.0,False,False
moderate,1,10102,169.9401281452984,0.9978575254418853,0,0,6.84999999995199,1.5112711894305229,4.641214994413304,5.91378982592024,154.61835885111074,18,7.0,False,False
moderate,1,10103,178.39187622783663,1.0,0,0,6.84999999995199,3.621986597167738,4.345310700122539,5.9909928653737845,140.88689281333,8,7.0,False,False
moderate,1,10104,183.16703215243217,1.0,0,0,6.84999999995199,0.5155247298524439,5.340991049529268,5.573393964314361,96.77270840591223,51,7.0,False,False
moderate,1,10105,178.57135079291854,0.9984696610299181,0,0,6.84999999995199,2.847620955655258,3.785006780582017,4.818888819164994,150.07220437124323,10,7.0,False,False
moderate,1,10106,161.7283613500427,0.9998469661029918,1,0,7.210526315738938,0.8035368110455632,3.8022807850238953,5.41761446559154,209.01434669995388,32,7.0,False,False
moderate,1,10107,170.0110566381717,1.0,0,0,6.523809523763799,5.578547528302755,3.847714645452494,3.37330517830894,142.7619305343075,5,7.0,False,False
moderate,1,10108,175.10668000637153,1.0,0,0,6.84999999995199,1.195686318744101,4.939785984195603,4.684118873084132,102.04189610418801,22,7.0,False,False
moderate,1,10109,173.74823520354505,1.0,0,0,6.84999999995199,10.672131179489716,4.673864840404866,6.631443358404159,424.4716801895532,3,7.0,False,False
moderate,1,10110,163.49483698963104,1.0,0,0,7.611111111057767,1.0392255082329669,4.812083417424056,4.911213916184048,138.47912631748116,25,7.0,False,False
moderate,1,10111,161.48859930913366,1.0,0,0,6.84999999995199,0.5811366885631968,4.896763473245361,5.010246527349893,113.16685597628774,45,7.0,False,False
moderate,1,10112,175.47306490287588,1.0,0,2,7.210526315738938,1.0721717223993978,3.4411621164124857,4.459110006452656,113.50045244939989,24,7.0,False,False
moderate,1,10113,166.76485616768298,0.9985461779784223,0,3,7.210526315738938,10.867749998279397,3.3226576527911305,4.853526818636964,212.83086347123614,3,7.0,False,False
moderate,1,10114,170.08508935509167,1.0,0,0,7.210526315738938,0.6438944406523012,4.742648306487944,5.132663854824204,93.45078575595522,42,7.0,False,False
moderate,1,10115,173.5123974190127,1.0,0,2,6.84999999995199,0.6784064097293289,3.6606770504127035,3.9075725804045547,106.11705995589027,39,7.0,False,False
moderate,1,10116,163.56563768848707,1.0,0,0,6.523809523763799,0.5928542340451187,4.695755758676417,4.800705517805071,93.86815271139604,44,7.0,False,False
moderate,1,10117,165.14363206551545,1.0,0,0,6.84999999995199,0.6161437890138806,5.438111905984257,5.61259885904994,93.37355268090874,42,7.0,False,False
moderate,1,10118,186.01034911792817,1.0,0,0,7.210526315738938,3.4081591424988393,4.423422637011214,6.071952079469561,161.20344495806904,8,7.0,False,False
moderate,1,10119,167.33228935858207,0.9999234830514959,0,0,7.611111111057767,0.586327172055065,3.773437842333434,4.4290744750145565,80.69563413359847,46,7.0,False,False
moderate,1,10120,183.64911932036273,1.0,0,0,6.84999999995199,0.7694709646190138,4.404966132181454,3.8543896252828636,101.14009015516068,34,7.0,False,False
moderate,1,10121,193.56470170224733,1.0,0,0,6.84999999995199,0.7795164720957123,4.163511605476858,4.14918900246393,95.81305453243428,34,7.0,False,False
moderate,1,10122,186.2860356181982,1.0,0,0,7.611111111057767,1.2340303465529754,4.826224582984968,4.002793569162969,92.33428547983368,21,7.0,False,False
moderate,1,10123,159.55572851980287,0.9986992118754304,0,0,6.84999999995199,1.0855363265675078,5.721715052707832,5.373219722894706,84.4006376741202,25,7.0,False,False
moderate,1,10124,188.2054924463821,0.9993113474634632,0,0,6.84999999995199,1.287553577150399,3.6984491300734335,5.282028916222402,194.4502290441852,22,7.0,False,False
moderate,1,10125,168.76378581627125,1.0,0,1,6.84999999995199,0.5693189179361692,4.5705722956120365,4.256792748233929,76.33338391110911,46,7.0,False,False
moderate,1,10126,172.62885472537144,1.0,0,0,7.210526315738938,2.804167318760921,4.392378531844529,5.894701708679767,210.41874135774296,10,7.0,False,False
moderate,1,10127,170.66742186894714,1.0,0,0,7.210526315738938,0.8694051654303515,4.783999628534925,5.67047063062124,211.18110636275668,30,7.0,False,False
moderate,1,10128,160.99411858849552,1.0,0,0,6.84999999995199,0.5885147138941943,4.852189372912477,5.288083807103623,181.6900172303404,44,7.0,False,False
moderate,1,10129,173.26400125517898,0.9961741525747954,0,0,6.84999999995199,1.4003873379358545,3.815519067124448,5.161167367754358,203.37031922434966,20,7.0,False,False
moderate,1,10130,179.03433055219762,1.0,0,0,3.605263157869469,0.7659119716085331,5.605555341147293,5.235200235289681,87.64865797883381,35,7.0,False,False
moderate,1,10131,176.2354226745449,0.9971688729053485,0,0,7.210526315738938,13.285076319249882,4.504928735919476,7.196284358529853,507.2975328892504,2,7.0,False,False
moderate,1,10132,178.45075438535483,0.9980105593388936,0,0,6.84999999995199,1.3041314109571744,4.508548931302284,4.54951360037791,111.62135970588238,21,7.0,False,False
moderate,1,10133,161.27333789834958,0.9999234830514959,0,0,6.84999999995199,7.121838129711812,5.301440924871558,6.27380089343868,328.59880166569155,4,7.0,False,True
moderate,1,10134,160.87750456523455,1.0,0,0,6.84999999995199,2.168477462872205,6.358735306011398,5.856984661394805,347.1208206562437,12,7.0,False,False
moderate,1,10135,159.580912810354,1.0,0,0,7.210526315738938,1.422412141364599,3.6254211396842506,5.030386154403124,85.38900720689301,20,7.0,False,False
moderate,1,10136,168.63092442537342,1.0,0,1,7.210526315738938,3.614378806845342,3.7397533300655312,4.5346773970293235,126.55567296659953,8,7.0,False,True
moderate,1,10137,172.14160923003362,0.9997704491544878,0,0,6.84999999995199,1.523649487076529,4.476271934359919,4.391099645382657,102.04968820104466,18,7.0,False,False
moderate,1,10138,175.87827506121855,0.9961741525747954,2,0,7.210526315738938,2.1646354568038393,4.1528669139767045,5.576435337648097,276.39837328863325,11,7.0,False,False
moderate,1,10139,184.65648610673966,0.9990052796694467,0,0,6.84999999995199,0.7433175907581772,5.01655995451531,5.6837320454885285,100.38005493273604,36,7.0,False,False
moderate,1,10140,165.29675517292642,0.9987757288239345,0,0,3.5128205127958925,3.396867403419087,4.926039859739465,5.651357563968891,167.22525852919114,8,7.0,False,True
moderate,1,10141,182.6385751352811,1.0,0,0,7.210526315738938,0.7125985942280818,4.407338024701213,4.470533808631691,100.91852311644445,38,7.0,False,False
moderate,1,10142,170.08259485018087,0.9999234830514959,0,0,6.84999999995199,0.8316825527600733,4.711219455021215,3.9436417608111256,77.9453687007603,32,7.0,False,False
moderate,1,10143,170.65829921124168,1.0,0,1,3.5128205127958925,0.5707485544616259,3.3091808549795885,4.769712858823301,121.87446878675345,46,7.0,False,False
moderate,1,10144,185.76035863248413,1.0,0,0,7.210526315738938,1.4286235561053553,4.140405007919161,5.0917678875085235,103.88649612180778,18,7.0,False,False
moderate,1,10145,183.64802430169186,1.0,0,0,7.210526315738938,0.522956629768268,3.999090473434194,4.60078729309106,140.1555304634261,50,7.0,False,False
moderate,1,10146,169.1893765642278,0.9985461779784223,0,1,6.523809523763799,0.5440789318180776,3.911725105035972,3.630244753196276,64.17766323740804,48,7.0,False,False
moderate,1,10147,171.3586817508192,0.9996939322059836,0,0,6.84999999995199,3.5355001803237154,4.757834602775229,4.873836453399423,127.92030589781066,8,7.0,False,True
moderate,1,10148,172.29262967420587,0.9996174152574795,0,0,7.210526315738938,1.4713778596085751,4.388165988937273,5.631130805452974,221.89407784056758,18,7.0,False,False
moderate,1,10149,178.80217932236513,1.0,1,0,6.84999999995199,3.4912651615722163,4.904398871422188,5.890962011395177,252.97342839514238,8,7.0,False,True
active,1,20000,831.3553419532963,0.9986226949269263,0,0,2.9782608695443438,2.995237819596556,4.285225337796106,9.055853834891254,1430.8936078821778,8,7.0,False,True
active,1,20001,862.1201343443963,0.9992348305149591,1,3,3.044444444423107,2.5677972340659836,2.8113851218716133,3.0109811762141114,662.1381973512807,11,7.0,False,False
active,1,20002,886.0205089860199,0.9990052796694467,0,0,2.9782608695443438,2.9527463615021823,3.885965736369506,10.1476359405101,1510.8946943063195,10,7.0,False,True
active,1,20003,1197.222448342455,0.9970923559568444,0,5,1.4891304347721717,2.110166310408495,2.0131809323258123,1.4283671172930719,503.40678649385404,13,7.0,False,False
active,1,20004,857.5994014899995,0.9996939322059836,0,4,3.044444444423107,10.52846474413251,2.669916538459246,3.639465907055318,1820.8528440342154,3,7.0,False,False
active,1,20005,613.8564605350218,1.0,0,0,3.044444444423107,nan,nan,nan,nan,0,nan,False,False
active,1,20006,1037.8177746915344,0.9999234830514959,0,5,3.044444444423107,1.7349728572063299,1.1322165340851886,1.6973511437783775,443.8089130776035,16,7.0,False,False
active,1,20007,895.0403963530327,1.0,0,4,2.9782608695443438,5.022726840049151,2.7725340256656974,3.263343382639481,1292.4784221191032,4,7.0,False,False
active,1,20008,820.9610784929091,1.0,0,0,2.9782608695443438,2.9816106985098703,4.107989610613231,12.045109051235096,1542.8166397694065,9,7.0,False,True
active,1,20009,717.8307021175519,0.9971688729053485,0,0,2.9782608695443438,3.016253800848545,4.838379139588,18.003664499724913,1422.9107196813695,9,7.0,False,True
active,1,20010,903.4037396537581,0.9970923559568444,0,6,2.9782608695443438,1.4462114872189518,1.353371665977289,4.2169486768630735,707.8160779407928,19,7.0,False,True
active,1,20011,1052.7045744837235,1.0,0,0,3.044444444423107,1.512343559247357,4.927202399242657,13.972988591893603,1493.1088660670166,17,7.0,False,True
active,1,20012,827.6037210715328,0.9982401101844058,0,3,2.9782608695443438,11.258681348652452,2.7492359335412635,3.5408297965441284,1384.446271029849,3,7.0,False,False
active,1,20013,945.8732373742894,1.0,0,9,2.914893617000847,6.8870995302653375,1.5681976596951184,2.936671606296567,1555.9420450272921,3,7.0,False,False
active,1,20014,617.2354922290382,1.0,0,0,2.914893617000847,2.956788461950771,2.980847973618093,9.324796587525608,1028.657133758437,8,7.0,False,True
active,1,20015,885.569707164599,1.0,0,1,2.914893617000847,2.951923648374191,2.910164826871482,7.013667232420341,1344.4663970085812,9,7.0,False,True
active,1,20016,859.43726024362,1.0,0,5,2.9782608695443438,7.576142808013012,2.5200383578053986,3.5128994012717674,1003.677852043472,4,7.0,False,False
active,1,20017,767.0412830616575,1.0,0,3,2.9782608695443438,3.066254692782088,2.533331376297401,6.968092790639448,1080.2772656232085,9,7.0,False,True
active,1,20018,793.3505999221536,0.9979340423903895,0,1,3.044444444423107,3.0623732488539552,4.181041479726653,6.67557311108138,1094.5487979465706,9,7.0,False,True
active,1,20019,904.2025731281122,1.0,0,0,2.9782608695443438,nan,nan,nan,nan,0,nan,False,False
active,1,20020,842.151450251468,1.0,0,0,3.044444444423107,nan,nan,nan,nan,0,nan,False,False
active,1,20021,1102.3503393601911,0.9963271864718035,0,4,3.044444444423107,12.180355342211714,2.2303108432029717,3.377520000444035,1938.5281528621067,2,7.0,False,False
active,1,20022,826.3372305508768,1.0,0,4,2.9782608695443438,1.3789480797793425,2.8604790511716907,2.872657514956371,615.9389891742251,19,7.0,False,False
active,1,20023,1048.4405457941793,1.0,0,5,2.9782608695443438,1.9169855453606994,2.7082427148196357,2.680039120924188,689.7280344614343,14,7.0,False,False
active,1,20024,1061.3594748964263,0.995944601729283,0,10,2.9782608695443438,12.879782273093626,1.8558860480371522,3.507486469075616,1871.986099861722,3,7.0,False,False
active,1,20025,677.9774310098151,0.9988522457724386,0,1,2.9782608695443438,3.006565150832118,3.136544204517741,7.239587626545797,970.4288951278838,9,7.0,False,True
active,1,20026,781.2083050625699,0.9934195424286479,1,0,3.044444444423107,13.004040285118482,3.4783773288033792,7.314592039793595,3063.577850886734,3,7.0,False,False
active,1,20027,630.5910754007903,1.0,0,0,2.9782608695443438,2.998806255104243,4.309950725693766,14.66069205627324,1109.4072520955178,8,7.0,False,True
active,1,20028,647.0157852526635,1.0,0,0,3.044444444423107,6.04532571260105,3.6642876196331318,6.861978536889187,1317.6671697686659,5,7.0,False,True
active,1,20029,860.274631262603,0.9987757288239345,0,2,2.9782608695443438,12.963254563489675,2.9452345980782138,5.126102335976948,2458.8567440627653,3,7.0,False,False
active,1,20030,897.1250093749626,0.9980870762873977,1,3,2.9782608695443438,10.400951022402928,2.4829293817663864,4.716096400251344,2006.800895949068,3,7.0,False,False
active,1,20031,1024.9075832134104,1.0,0,0,3.044444444423107,nan,nan,nan,nan,0,nan,False,False
active,1,20032,763.8584323013223,0.9996174152574795,0,0,2.9782608695443438,1.491757881294167,4.213769956039796,14.363086658588974,1012.2009220971951,18,7.0,False,True
active,1,20033,972.0990877872906,1.0,0,0,2.9782608695443438,2.9940998512917703,3.777047268942935,10.875362879734858,1646.5677048916882,10,7.0,False,True
active,1,20034,1025.0047323919641,1.0,0,10,2.9782608695443438,1.2710254712176845,1.2123324951124579,1.7719498030680225,345.38843839815314,20,7.0,False,False
active,1,20035,823.5304358053198,1.0,0,7,2.9782608695443438,7.606720897273932,2.0524159702802947,3.1425460717224314,1022.7922336338846,3,7.0,False,False
active,1,20036,904.1614273659812,1.0,0,0,3.044444444423107,nan,nan,nan,nan,0,nan,False,False
active,1,20037,808.7815012131036,0.9960211186777871,0,5,3.044444444423107,3.673364208061975,0.936863943574573,2.314355544864424,669.891328965666,7,7.0,False,False
active,1,20038,914.9419326123707,1.0,0,0,3.044444444423107,1.5005131965578675,4.928018956381773,11.109615311564989,1292.5527600090581,17,7.0,False,True
active,1,20039,1041.920419860225,1.0,0,5,3.044444444423107,3.08182972674285,2.646653426893787,6.8189795374656965,1270.0684292558105,9,7.0,False,True
active,1,20040,699.5389613327601,0.9947203305532175,0,0,2.9782608695443438,2.9836508073974186,4.524929854724288,9.350393700466917,1453.7108383158027,9,7.0,False,True
active,1,20041,970.8985420015493,1.0,0,2,3.113636363614541,1.5207958424656027,3.472914763235312,9.813773223103231,1254.7158582748575,17,7.0,False,True
active,1,20042,728.5094806773435,1.0,0,5,2.9782608695443438,1.1476088954073727,1.9817083362666121,2.209914143017627,301.91930774126075,23,7.0,False,False
active,1,20043,926.3999736473144,0.9977810084933812,0,2,3.044444444423107,2.94512635329334,3.021893546528978,11.629306987119861,1550.2471526583906,10,7.0,False,True
active,1,20044,1051.721983327721,0.9984696610299181,0,1,3.044444444423107,1.4876443436761728,4.221120818675197,14.0409267649249,1433.5898899355825,17,7.0,False,True
active,1,20045,800.451189386113,1.0,0,0,2.9782608695443438,2.972936958063831,3.3675977004958066,9.973588747389602,1265.3037777243803,10,7.0,False,True
active,1,20046,1057.232867071736,0.9970923559568444,0,0,2.9782608695443438,1.502719559838291,3.760420491954365,19.78539990983364,1361.985337661853,18,7.0,False,True
active,1,20047,859.0404761878268,0.9977810084933812,0,5,2.9782608695443438,2.5899443265707913,0.7227943841366158,2.2067980557316123,552.3680816228449,10,7.0,False,False
active,1,20048,1079.0515589215577,1.0,0,0,3.113636363614541,1.232156054865872,3.0081225239585874,3.0298314909729385,503.9127287875811,22,7.0,False,False
active,1,20049,687.7223356473429,0.9903588644884842,1,2,2.9782608695443438,1.534728867077908,4.418360692007244,5.096676226140134,821.6666163574082,17,7.0,False,True
active,1,20050,885.5916511761402,1.0,0,12,3.044444444423107,3.6785791589240655,1.5751483043796775,2.9922752308913263,708.0524827475232,6,7.0,False,False
active,1,20051,924.7195240853566,0.995944601729283,0,10,3.044444444423107,13.345456200035748,1.869293751239556,3.30053149362278,2049.597701908379,1,7.0,False,False
active,1,20052,733.9381831168408,1.0,0,1,2.9782608695443438,3.010986021614336,3.860245164850636,6.704035363345002,1238.356166599619,9,7.0,False,True
active,1,20053,953.7671842634892,0.9951794322442421,0,0,3.044444444423107,2.9887193316316414,4.191616858952078,11.12075844196922,1691.5474840896172,10,7.0,False,True
active,1,20054,872.0578121631244,1.0,0,4,2.914893617000847,4.928945537029578,2.457887629961987,3.6043899091376526,1080.7498173509566,4,7.0,False,False
active,1,20055,881.8815646392313,0.9993113474634632,0,0,3.044444444423107,1.5054630075022843,3.8534054685694086,15.170775816874723,1327.9075601986267,17,7.0,False,True
active,1,20056,968.5611691913928,1.0,0,2,3.044444444423107,2.9777609647041854,2.984229059122106,5.947415329424349,1389.138985881222,9,7.0,False,True
active,1,20057,774.3159134093131,0.9943377458106971,0,0,2.9782608695443438,1.5127267328495515,3.9719025475970726,11.058652333872573,924.0027316899102,17,7.0,False,True
active,1,20058,1041.4570265569555,0.9980870762873977,0,8,2.9782608695443438,2.361619281906818,1.9763635285540047,1.9545763425029032,529.7783759381502,12,7.0,False,False
active,1,20059,1015.4161713587821,0.997551457647869,0,0,3.044444444423107,3.0353403676326303,3.6829435565305997,6.099103873526442,1498.728231605795,9,7.0,False,True
active,1,20060,836.4416734871041,1.0,0,6,2.9782608695443438,5.982860215769998,2.2590670525594394,5.776892542167504,1435.9244683520567,4,7.0,False,True
active,1,20061,1103.805672223497,0.9989287627209427,0,1,3.044444444423107,13.028771321808616,3.49631045124684,5.06799647691726,3144.980791576213,3,7.0,False,False
active,1,20062,782.6712261821622,1.0,0,2,2.9782608695443438,2.96083609574833,3.4638441210151747,5.972982108077526,1120.8436048821823,8,7.0,False,True
active,1,20063,1024.9708926755761,1.0,0,3,2.9782608695443438,1.2465355359176113,2.2118484369848885,2.4828487392837943,470.80247378605833,21,7.0,False,False
active,1,20064,801.0190408737108,1.0,0,6,2.9782608695443438,5.013954827515034,1.883602615130415,2.7866157915865277,950.0957429215973,4,7.0,False,False
active,1,20065,768.6775273815199,1.0,0,0,3.044444444423107,3.0048899673113674,3.5951075607087546,10.227550067882271,1303.4878001620953,8,7.0,False,True
active,1,20066,822.4589007452822,0.9980105593388936,1,2,3.113636363614541,7.260468977031625,2.9863250532259547,4.565413659289801,1888.192447391135,4,7.0,False,False
active,1,20067,1153.900477794011,0.9930369576861274,1,0,2.9782608695443438,1.4937243085222878,5.380458050987441,21.416218369467607,1844.489024155016,17,7.0,False,True
active,1,20068,947.549063378171,1.0,0,3,2.9782608695443438,2.944454944473345,3.1667318997658027,7.570111883600945,1659.412394582782,8,7.0,False,True
active,1,20069,950.6418517045098,1.0,0,0,2.914893617000847,2.9866000959707804,4.517640151109725,7.324389555064397,1673.9583264585578,8,7.0,False,True
active,1,20070,929.1079945581018,1.0,0,6,3.044444444423107,1.541743175189076,1.733212508706317,6.091335831062881,863.5116177863056,18,7.0,False,True
active,1,20071,726.8236568783277,1.0,0,0,2.9782608695443438,3.0237514183388368,5.5212871905383505,9.061355572631486,1282.6274399466708,9,7.0,False,True
active,1,20072,1007.2387545629371,0.9933430254801439,0,1,2.9782608695443438,13.016894559930181,2.9740978008872596,5.331127600929911,2859.516554427177,3,7.0,False,False
active,1,20073,1118.2861487882892,1.0,0,0,3.044444444423107,1.5011975830921376,5.170406173878509,16.201760698758395,1591.7951976262002,18,7.0,False,True
active,1,20074,1041.5415094254965,1.0,0,1,2.914893617000847,2.9473654885963305,3.6568545488021296,7.449107714838797,1797.2032064839104,8,7.0,False,True
active,1,20075,916.0747738832519,1.0,0,0,3.044444444423107,1.491002252620253,4.303049461167977,10.69737150942205,1245.8002982425053,18,7.0,False,True
active,1,20076,966.9000354641227,1.0,0,3,2.9782608695443438,6.03216936733733,3.8415824421335842,5.073311333505049,1389.5883537049513,4,7.0,False,True
active,1,20077,850.8647773058227,1.0,0,10,2.9782608695443438,13.04165004283357,1.4764196710280164,3.3152071893114186,1400.6778670921926,2,7.0,False,False
active,1,20078,872.6989569654381,1.0,0,10,2.9782608695443438,3.239781528078671,1.8456862139235104,2.6121212449242295,699.2580560526429,8,7.0,False,False
active,1,20079,921.9860089113463,1.0,0,8,2.914893617000847,1.2272651175043223,1.6179648260425887,2.3307562682960636,428.5053255120852,22,7.0,False,False
active,1,20080,806.2961383817717,1.0,0,4,2.9782608695443438,1.2018206951610728,2.101590632905652,2.506037098949703,383.29697020378364,22,7.0,False,False
active,1,20081,769.2153224738684,0.9999234830514959,0,0,3.044444444423107,1.4488150670390212,3.522333386172512,7.01210757124585,991.4748364989734,18,7.0,False,True
active,1,20082,1038.8202400716475,1.0,0,9,2.9782608695443438,4.923205047393511,1.7783373631897823,2.8324473844030886,1258.369766221845,4,7.0,False,False
active,1,20083,1135.9971915647936,1.0,0,0,2.9782608695443438,1.5123818722395677,4.8483839514982,13.260350644830153,1495.6829847443398,18,7.0,False,True
active,1,20084,868.6655456362175,0.9970158390083403,0,5,2.9782608695443438,1.5598146213840471,2.594054948769666,4.243260330406382,786.6366229484223,18,7.0,False,True
active,1,20085,850.0950360510632,0.999158313566455,0,0,2.914893617000847,3.0149550872185062,4.439780318042787,6.45037365822657,1260.5434153701856,9,7.0,False,True
active,1,20086,1191.8882747647162,1.0,0,0,2.9782608695443438,nan,nan,nan,nan,0,nan,False,False
active,1,20087,676.1066354900611,1.0,0,1,2.9782608695443438,2.9452009637231873,3.0976784779499855,6.692218069827367,997.1128774622917,10,7.0,False,True
active,1,20088,874.6459083236917,1.0,0,5,3.044444444423107,5.154335380879972,2.3558247237364855,3.2627414051234616,1133.2118049832695,4,7.0,False,False
active,1,20089,829.2264543719708,1.0,0,6,3.113636363614541,3.246929844439073,2.5707627852117976,2.596988668794193,768.0329704842226,8,7.0,False,True
active,1,20090,881.1619085983749,0.9923483051495906,0,3,3.044444444423107,6.891811893609132,2.3920991402727325,4.454821325818301,2060.9930868974448,3,7.0,False,False
active,1,20091,821.1791565807282,0.9998469661029918,0,0,3.044444444423107,12.963254563489675,3.9326051602582153,5.12971038880453,2402.7289581728396,3,7.0,False,False
active,1,20092,882.3377534103084,1.0,0,6,2.9782608695443438,5.873829727896713,2.1643046595336455,4.482031805910299,1424.74774149548,4,7.0,False,True
active,1,20093,740.4331267799066,1.0,0,2,2.9782608695443438,1.1513362293784737,2.673051039454364,3.5372971903623074,359.320816631592,24,7.0,False,False
active,1,20094,843.4745015348067,0.9989287627209427,0,5,2.9782608695443438,2.183637189813128,2.256149086277707,3.3344547145794823,770.680559094794,12,7.0,False,False
active,1,20095,1093.9696566173059,0.998393144081414,0,3,2.9782608695443438,3.054625094852019,3.0183775488102516,4.433573822136847,1386.3135115316227,9,7.0,False,True
active,1,20096,783.8671770485417,0.999158313566455,0,3,2.9782608695443438,12.710260121944724,2.958030052772117,3.8419401589286157,1437.3341459603673,3,7.0,False,False
active,1,20097,941.3083878099551,1.0,0,0,2.9782608695443438,nan,nan,nan,nan,0,nan,False,False
active,1,20098,817.644883170852,0.999158313566455,0,0,2.914893617000847,2.7744892978249935,3.853543254448259,3.610345077665852,914.5566409594074,9,7.0,False,True
active,1,20099,755.0939375147381,1.0,0,0,2.9782608695443438,2.995465465153203,3.7728476117715153,9.940617142456698,1224.9634865845183,9,7.0,False,True
active,1,20100,894.8133307159297,1.0,0,0,3.044444444423107,1.512343559247357,4.713145010235153,10.225332160489666,1190.8237119540033,18,7.0,False,True
active,1,20101,745.0605967651519,0.9944142627592012,1,2,3.044444444423107,1.4504309050024988,0.050627055751587005,3.1783373874961867,514.1656047751297,18,7.0,False,True
active,1,20102,797.1188051644945,1.0,1,0,3.044444444423107,3.010909744659349,4.83965568506721,7.191335182146618,1426.2582810383728,8,7.0,False,True
active,1,20103,855.5013324522671,1.0,0,0,2.9782608695443438,1.5061878077321598,4.018760018364275,6.756377523360038,1103.8091332805643,17,7.0,False,True
active,1,20104,1102.9121429978372,1.0,0,4,2.9782608695443438,1.8533313764729864,2.2012882590178746,2.524934599653554,615.3402822302035,14,7.0,False,False
active,1,20105,828.6333519099835,0.9989287627209427,0,0,2.9782608695443438,3.015871768189919,4.6022479917085874,15.711738741814163,1630.2644408590083,9,7.0,False,True
active,1,20106,878.6216917695656,1.0,0,2,3.044444444423107,3.0384177223447795,2.480736829375942,5.513959838172254,1273.833319024309,8,7.0,False,True
active,1,20107,865.486609608242,0.9931899915831357,1,1,3.044444444423107,7.593243668043716,2.4148286262494887,3.7503966784508123,1748.2386020855056,3,7.0,False,False
active,1,20108,900.6057562109922,0.9978575254418853,0,0,3.044444444423107,1.4452592344484478,2.6609603941509405,5.607255641029931,946.5440533921177,19,7.0,False,False
active,1,20109,1084.3588040778093,0.9979340423903895,0,4,2.9782608695443438,1.165599029480741,2.3255296304237536,2.409228828190694,536.3352281092526,23,7.0,False,False
active,1,20110,894.4627076996344,0.9999234830514959,0,10,3.044444444423107,0.6811790395854282,1.201901618445129,2.5313664473803636,343.6902818374499,38,7.0,False,False
active,1,20111,858.3137602108395,0.9947968475017216,0,11,3.113636363614541,1.840138426142029,1.570821547227035,2.3474524264459746,447.2570390734454,15,7.0,False,False
active,1,20112,1064.675880898739,1.0,0,0,2.9782608695443438,nan,nan,nan,nan,0,nan,False,False
active,1,20113,960.4841346919515,0.9993113474634632,0,5,3.044444444423107,1.4504309050024988,-0.6484238025099677,2.6254303879274308,596.4104138769244,18,7.0,False,True
active,1,20114,881.5917007930652,0.9980105593388936,0,0,2.9782608695443438,2.971431059258523,4.498116676214643,15.196538434278382,1854.3180232021284,10,7.0,False,True
active,1,20115,1074.0765764073217,0.9993878644119673,0,5,2.9782608695443438,4.604595197145512,0.798473426187739,3.0979719182057055,1103.8546535961923,6,7.0,False,False
active,1,20116,1142.937390139149,1.0,0,0,3.044444444423107,nan,nan,nan,nan,0,nan,False,False
active,1,20117,841.1518092842566,1.0,0,7,2.9782608695443438,1.4688825719915029,2.266365364824605,7.051858850720307,914.9032750149777,18,7.0,False,True
active,1,20118,977.6630523253252,1.0,0,0,3.044444444423107,nan,nan,nan,nan,0,nan,False,False
active,1,20119,714.5351247459779,1.0,1,5,2.914893617000847,1.3112207050206495,2.1991010343427524,2.607657860077362,372.2497870146668,21,7.0,False,False
active,1,20120,1063.640105876883,1.0,0,0,2.9782608695443438,2.97753466463154,4.407467626821645,9.03845066131719,1713.9708072820836,10,7.0,False,True
active,1,20121,979.8447365243713,1.0,0,0,2.9782608695443438,nan,nan,nan,nan,0,nan,False,False
active,1,20122,867.8888641909815,1.0,0,7,2.9782608695443438,1.7473675515614049,2.0984919606223613,2.274567400375082,380.8475707520742,16,7.0,False,False
active,1,20123,843.836279935679,1.0,0,0,3.044444444423107,1.4831287951522845,2.673752177161321,10.724260469562106,952.744675751127,17,7.0,False,True
active,1,20124,763.0788416130001,1.0,0,4,2.9782608695443438,10.336334182388281,2.5690498017813845,4.067601196327742,1306.351870316358,3,7.0,False,False
active,1,20125,843.5379874646899,0.9987757288239345,0,6,2.9782608695443438,2.526244571908284,2.6209188542920887,3.1727701513257425,755.4443623908336,11,7.0,False,False
active,1,20126,678.3320663663526,0.9966332542658198,1,0,2.914893617000847,12.878477194644818,3.3104183022016884,4.493062925950097,1713.5849548411963,3,7.0,False,False
active,1,20127,1032.9555782378854,0.9993878644119673,0,3,3.044444444423107,1.5207958424656027,2.4507806744545957,7.7800707487193845,1238.2498299047252,17,7.0,False,True
active,1,20128,796.6088518332975,1.0,0,3,3.044444444423107,1.3420376411275416,2.7701859791268637,3.2022765330825322,513.3578317294551,20,7.0,False,False
active,1,20129,823.1967372934297,0.9986992118754304,0,9,3.044444444423107,6.92752078655369,1.5925627733482033,2.258569857494613,1204.4463478727562,2,7.0,False,False
active,1,20130,1100.9126723540246,0.9993113474634632,0,5,2.9782608695443438,7.447126802361306,2.616664855419932,3.963104720414493,1745.9547185381118,4,7.0,False,False
active,1,20131,1066.9743424540445,1.0,0,0,2.9782608695443438,nan,nan,nan,nan,0,nan,False,False
active,1,20132,847.8791235082982,1.0,0,3,2.9782608695443438,1.541821291754734,3.5174637072398482,7.196180562369524,889.9935050001861,17,7.0,False,True
active,1,20133,873.9295339428686,0.9969393220598363,1,4,2.9782608695443438,1.166810321079351,2.389964204107206,2.7607945962766665,493.91192383707596,23,7.0,False,False
active,1,20134,1017.3034005262895,1.0,0,7,1.4891304347721717,6.137605114300797,1.8565045415402475,2.2253377383852646,1097.964980436128,4,7.0,False,False
active,1,20135,808.9663993573912,1.0,0,7,2.9782608695443438,2.9579122493061596,1.7164490528953116,6.73525274173287,1075.4042587387546,8,7.0,False,True
active,1,20136,968.1884533662019,1.0,0,9,2.9782608695443438,1.2575098053938165,1.7980925921958895,3.4608537992001005,526.7556593594458,21,7.0,False,False
active,1,20137,690.5332864038953,1.0,0,0,2.914893617000847,2.980628921432223,4.117765420200188,9.798910226142516,1200.3536464441079,10,7.0,False,True
active,1,20138,972.8548961045258,0.9955620169867626,0,0,3.044444444423107,4.311735241337611,2.817536687593954,3.6355692045668415,1301.8861693306906,7,7.0,False,False
active,1,20139,798.8438882495717,0.9948733644502257,1,1,3.044444444423107,0.8063100235532014,2.9350760086810457,4.0927258221956615,485.0351074132675,33,7.0,False,False
active,1,20140,837.8286846437452,1.0,0,8,2.9782608695443438,6.521851499637446,1.589382073961241,2.9662791819544854,993.2667147358743,4,7.0,False,False
active,1,20141,780.5680713926128,0.9938021271711684,2,1,2.9782608695443438,2.751879323839541,1.6180280448850242,4.796537601550531,1097.0808964791968,9,7.0,False,False
active,1,20142,789.6046764327381,0.997551457647869,0,5,3.044444444423107,2.17430834319199,2.1991029612348347,2.4985899541026293,489.2979680115594,12,7.0,False,False
active,1,20143,894.7435976530229,0.9992348305149591,0,0,2.9782608695443438,2.9910673823793283,3.2605003147965603,8.513975507386311,1598.6132570522393,9,7.0,False,True
active,1,20144,878.505408091313,1.0,0,8,2.914893617000847,1.2565544659186108,1.7656913320493959,1.9762959250422276,412.3905489337165,21,7.0,False,False
active,1,20145,854.9328454584604,0.9990052796694467,1,0,2.9782608695443438,12.840362098287969,3.4224168910862174,5.093182434328173,2391.326115136927,3,7.0,False,False
active,1,20146,683.8105026770861,1.0,0,6,2.9782608695443438,2.8152712579615047,2.5091453009709777,4.857364394557722,871.7890457096145,10,7.0,False,False
active,1,20147,824.5953676977787,0.9980870762873977,0,6,2.9782608695443438,1.8573264960728193,1.7600627360198613,2.4799274646577754,497.3710300354428,15,7.0,False,False
active,1,20148,1019.1131061524043,1.0,0,8,2.9782608695443438,1.2367844661920384,2.1794177050911103,2.4698477104647,519.790990239577,21,7.0,False,False
active,1,20149,809.8806344434976,0.9992348305149591,1,1,2.9782608695443438,12.961941026987391,2.274084288697911,4.5915210522460015,2132.317459291877,3,7.0,False,False
moderate,3,30000,169.71686938901718,0.9977774797386623,0,0,6.96598399245077,3.510455227188623,6.374048343377224,10.297527979636891,88.54373849243035,24,7.0,False,True
moderate,3,30001,182.19194170438232,0.9945969766060583,0,1,6.96598399245077,3.460254079749001,5.600501366766435,8.608736005658445,108.46261641295207,24,7.0,False,True
moderate,3,30002,168.34179029147597,0.9990036978138831,0,4,6.96598399245077,0.5600332072534541,3.015374032040826,5.666742959181163,82.82243150403713,141,7.0,False,False
moderate,3,30003,170.93036289148216,0.9996551261663441,0,1,7.210404483413955,6.991467626759533,7.3973802121812104,7.238857435354024,125.4673015862462,12,7.0,True,True
moderate,3,30004,158.17566240049896,0.9989078995267565,0,0,6.96598399245077,6.91744246905294,7.485660302168483,7.750501127352119,114.83305700743517,12,7.0,True,True
moderate,3,30005,167.82482095221786,0.9959189929684057,0,0,6.96598399245077,3.4868987511660285,6.823216236624618,9.751745352701983,103.43128839696014,24,7.0,False,True
moderate,3,30006,171.22968706159733,0.991454792788305,0,0,6.96598399245077,27.47994002635057,6.09805148860656,7.634662675503222,393.9718419904148,2,7.0,False,False
moderate,3,30007,176.9811446710718,0.9967428582376947,0,3,6.96598399245077,7.102973145438671,4.5772392157667605,5.17484625754773,83.73674442319069,12,7.0,False,True
moderate,3,30008,172.20958899328036,0.9921828597704673,0,2,6.96598399245077,0.6455146175910828,3.89974113142863,4.894112549105289,57.2293122036438,124,7.0,False,False
moderate,3,30009,164.55730279475137,0.9998275630831721,0,5,6.96598399245077,0.5050689299443288,3.68878703631976,4.240023388775546,37.12127590693726,156,7.0,False,False
moderate,3,30010,172.35466896901875,0.9885616845170808,0,1,6.96598399245077,7.108255579422505,4.728468688597851,5.739173382408646,99.22719858901362,10,7.0,False,True
moderate,3,30011,176.11021761811244,0.995344203245646,0,2,6.8498842592432565,34.07217921911394,3.974892668058284,5.91246441269404,382.753349554954,2,7.0,False,False
moderate,3,30012,167.21135892658663,0.9935048761328148,0,0,7.086087164734404,0.690531959940982,4.955343988860867,5.203354938463598,63.62928885861319,115,7.0,False,False
moderate,3,30013,164.9443835735495,0.9991569750732857,0,3,7.086087164734404,3.577728850018153,3.733411230068006,4.632883939138239,80.87708484694201,22,7.0,False,True
moderate,3,30014,182.2448452136839,0.9978732780257888,0,4,6.96598399245077,0.9237118513433772,3.26217492316508,4.189061146005791,58.56129471271121,86,7.0,False,False
moderate,3,30015,170.2302122033091,0.9954974805050486,0,1,6.96598399245077,3.541373564227866,6.208047316624864,6.672621802786677,102.10982423708437,22,7.0,False,True
moderate,3,30016,173.3194296991367,0.999885042055448,0,6,6.96598399245077,1.476249064352233,3.1368440232920523,3.699795946196108,56.534108886063805,53,7.0,False,False
moderate,3,30017,166.89067933456187,0.9997509244534708,0,0,6.8498842592432565,3.46101419391455,6.229274767538904,8.44323510180571,77.6049337548601,24,7.0,False,True
moderate,3,30018,179.89906343955025,0.9955357998198993,0,0,6.96598399245077,3.48236531633823,6.253212321453808,8.17252155686689,89.91310709716149,24,7.0,False,True
moderate,3,30019,175.82252224358933,0.9984672274059739,0,6,6.96598399245077,0.5142872243476793,3.578310815165821,3.9107440322728872,43.608046523258004,154,7.0,False,False
moderate,3,30020,165.31083220332494,0.9984672274059739,0,1,6.96598399245077,13.818829778468025,4.907191277026094,6.119018407606864,248.42812992631468,4,7.0,False,True
moderate,3,30021,171.1685064604245,0.999176134730711,0,0,7.086087164734404,3.500090941433605,6.104470975553129,7.2960401453629204,90.37462707306432,24,7.0,False,True
moderate,3,30022,165.42200424088142,0.9991186557584351,0,0,6.96598399245077,7.068255168007909,6.109583581122874,7.717936676147031,119.94652311875242,12,7.0,False,True
moderate,3,30023,176.8077040923663,0.9954783208476232,0,1,6.8498842592432565,27.332689618761265,5.510096430512948,7.205799368452205,550.6036854582286,2,7.0,False,False
moderate,3,30024,169.90177981143668,0.9990036978138831,0,0,7.210404483413955,3.481747577519698,6.153986340961074,6.360193773218032,115.29140846588959,23,7.0,False,True
moderate,3,30025,161.78416135995704,0.9983714291188474,0,0,6.96598399245077,3.554141269221197,5.422500671759925,6.164248141539829,152.15580027072573,22,7.0,False,True
moderate,3,30026,171.03133644439347,0.9975475638495583,0,1,6.8498842592432565,0.5217352479859854,4.9236641473115785,5.325514333769087,108.68421967413778,152,7.0,False,False
moderate,3,30027,170.76866136037495,0.9958040350238537,0,2,6.96598399245077,27.317454177747422,4.753168609948953,5.582538836032381,320.059180186294,2,7.0,False,False
moderate,3,30028,178.23743663153053,0.9947502538654609,0,0,7.086087164734404,6.997317345166143,7.109344615977714,7.723393955130435,157.68886460298947,12,7.0,True,True
moderate,3,30029,173.0365301773434,0.9958615139961298,0,2,7.210404483413955,7.0521512863406235,6.319734131485505,7.194190656435567,128.53752336949853,12,7.0,False,True
moderate,3,30030,165.90137889878883,0.9999425210277241,0,1,7.086087164734404,0.6774560054480487,4.739900170636426,4.018026938461055,42.17097256609126,117,7.0,False,False
moderate,3,30031,160.0127558350539,0.992815128465503,0,0,6.96598399245077,7.041138332635106,7.150928027897565,8.686055591167655,121.63259466679844,12,7.0,True,True
moderate,3,30032,170.52628264818648,0.9956124384496006,1,0,6.96598399245077,10.253919804123472,6.205624950515582,6.964029143414213,183.12073633075522,8,7.0,False,False
moderate,3,30033,176.24954128908524,0.9988695802119059,0,0,6.96598399245077,3.4896098524108448,7.502912971081203,8.60117988225075,94.88657806622226,24,7.0,True,True
moderate,3,30034,178.34295248674115,0.9946927748931849,0,0,7.086087164734404,3.4947726581305276,6.141348456499742,7.552557324984685,103.58704096880001,24,7.0,False,True
moderate,3,30035,175.61559279678153,0.9941563044852758,0,3,7.086087164734404,3.53772554111381,4.100120924930561,5.567707448172762,85.07263030355094,22,7.0,False,True
moderate,3,30036,167.8361063663496,0.9975475638495583,0,4,7.086087164734404,7.174800253260166,4.567956301134477,8.251133357349435,116.55524659981431,12,7.0,False,True
moderate,3,30037,164.7623976146029,0.9996934454811948,0,6,7.086087164734404,0.6514255798360958,3.322698697945856,4.321409928321638,45.908463783606024,120,7.0,False,False
moderate,3,30038,167.016963675392,0.9953250435882206,0,5,7.086087164734404,0.8857615673987881,3.566278556133439,5.118273566151515,47.110959244256456,89,7.0,False,False
moderate,3,30039,174.59369756964955,0.9932941199011361,0,1,7.086087164734404,3.488784511572455,5.923377923637264,7.471380878080348,91.22319446597248,24,7.0,False,True
moderate,3,30040,170.25553259425362,0.9938305903090453,1,1,6.96598399245077,14.222703786595867,4.7233983999484614,5.906546377410012,197.35393689601642,4,7.0,False,True
moderate,3,30041,172.2001780586372,0.997700841108961,0,9,6.96598399245077,0.5136749923690249,2.6741499773679687,3.8981091329796373,42.67083791431592,154,7.0,False,False
moderate,3,30042,164.86572326968073,0.9984480677485487,0,1,7.086087164734404,3.5959095079763066,5.182241025207949,6.098461441098326,87.30529435807543,22,7.0,False,True
moderate,3,30043,170.51174282226341,0.9916463893625582,0,4,6.96598399245077,3.583597184718611,3.6661330887863532,5.014794523822209,111.64797306462137,23,7.0,False,True
moderate,3,30044,173.06756931622067,0.9979499166554902,0,5,7.086087164734404,0.7293317816256742,4.190204632793527,4.088400341024008,44.68626311049384,108,7.0,False,False
moderate,3,30045,172.75803455912288,0.9968769758396719,0,6,7.086087164734404,1.9601911492767201,3.0978019669719323,5.381977878562057,166.63048069898156,42,7.0,False,False
moderate,3,30046,167.84700801531915,0.9985055467208246,0,6,6.96598399245077,38.52525304020566,3.557239995073343,6.327774890034028,394.23981982489306,3,7.0,False,False
moderate,3,30047,169.5823877421998,0.9980457149426168,0,4,7.086087164734404,7.165472053139716,4.89198349693254,6.051702844471175,125.24533074276256,11,7.0,False,True
moderate,3,30048,167.98150174900144,0.9946736152357596,0,6,7.086087164734404,1.0196680272977598,3.487821953146529,5.2067267153987595,98.73474831112449,78,7.0,False,False
moderate,3,30049,164.63922566329654,0.9970110934416493,0,4,6.96598399245077,3.5768524507310215,4.1154383136629376,5.07368140312842,65.78596123496538,22,7.0,False,True
moderate,3,30050,171.02523847693817,0.9968578161822467,0,0,6.96598399245077,3.481276992924283,8.339226811754845,6.860366541436472,94.23583153089777,24,7.0,False,True
moderate,3,30051,161.37736771153442,0.9918379859368115,0,2,7.086087164734404,0.8433644415533613,4.557642400971728,4.8285823256979645,43.95635483245286,94,7.0,False,False
moderate,3,30052,165.8026524068327,0.9938305903090453,0,3,7.086087164734404,0.715714566819722,3.396857856477464,4.531257020903367,60.42220962709788,110,7.0,False,False
moderate,3,30053,164.7726863643324,0.9977966393960876,0,3,6.96598399245077,0.6814394986928394,3.148215131964295,4.395969064108998,44.33089308131244,115,7.0,False,False
moderate,3,30054,171.73019940616646,0.9993868909623896,0,0,7.086087164734404,3.5445761562044966,8.61503474041234,11.470736752083143,131.84605588212327,22,7.0,True,True
moderate,3,30055,185.7584583861685,0.9971643707010519,0,0,7.210404483413955,3.48207114132827,6.310156542904381,9.504733739902363,126.26753878375308,24,7.0,False,True
moderate,3,30056,172.535494502189,0.9959573122832563,0,1,6.96598399245077,3.446775239671468,6.1328313420217535,7.305640082167939,85.21119714388625,23,7.0,False,True
moderate,3,30057,163.43641952773157,0.9957273963941524,0,0,6.96598399245077,7.00080586833238,6.400268890877994,8.916627484152809,118.71879405656038,12,7.0,False,True
moderate,3,30058,176.67090799996387,0.9926426915486751,2,7,6.96598399245077,0.5180109781085384,2.6853846322878905,4.3294968107956135,44.173251012136205,152,7.0,False,False
moderate,3,30059,173.23827828897,0.9989078995267565,0,1,6.96598399245077,7.075842668422608,6.737319622421192,6.691348355598944,119.08939562887966,12,7.0,False,True
moderate,3,30060,163.6187894440951,0.9941946238001265,0,1,6.96598399245077,1.0736366911663437,3.8466900337851553,4.809365854275813,76.6429197279761,74,7.0,False,False
moderate,3,30061,176.87316850110304,0.9986013450079513,0,0,6.96598399245077,3.528860399790159,6.474649994801082,10.256079359146122,108.0389934050574,22,7.0,False,True
moderate,3,30062,160.25206326336334,0.9996168068514935,0,1,6.96598399245077,6.902323573094256,5.103387708167891,6.793141592813185,112.6124638506365,12,7.0,False,True
moderate,3,30063,169.66228074975308,0.9922403387427433,0,2,6.8498842592432565,0.5837860151504082,5.116980922596256,4.734602284521835,49.17108260671377,137,7.0,False,False
moderate,3,30064,167.20882899701064,0.9957273963941524,0,5,6.96598399245077,31.322071650797227,4.128754469430264,5.6263242865213465,249.36271482056682,3,7.0,False,False
moderate,3,30065,170.21694843484488,0.9961872281723603,0,5,6.96598399245077,24.272798987314037,3.6375823087162353,5.754811188439155,316.5750155920133,3,7.0,False,False
moderate,3,30066,187.32533525428624,0.9972601689881785,0,0,7.086087164734404,3.484749050049029,7.407840912536057,13.849496523833217,111.85341729302856,24,7.0,True,True
moderate,3,30067,172.74167313298398,0.9941563044852758,0,0,6.96598399245077,3.4609557176665087,6.880169730841196,8.400436135034333,95.19760599507876,24,7.0,False,True
moderate,3,30068,162.81062526532384,0.9891747935546913,0,0,6.8498842592432565,3.492293558824798,6.071161014514217,7.474877874063177,73.59006041451899,24,7.0,False,True
moderate,3,30069,172.9516491306245,0.9939647079110225,0,4,7.086087164734404,1.6763808316707924,3.952332130841122,5.748616766416157,168.63291402902104,47,7.0,False,False
moderate,3,30070,162.7844258586884,0.9927193301783764,0,0,6.96598399245077,0.5838008106705506,5.112181844102988,5.296387256886586,51.66449363391834,136,7.0,False,False
moderate,3,30071,160.18878303017382,0.9968003372099706,1,1,6.96598399245077,3.522784084990817,6.274887931930589,5.824869794429566,84.81198793097721,22,7.0,False,True
moderate,3,30072,178.274615802148,0.9912631962140517,0,0,6.96598399245077,3.419108228285656,5.934362985620744,7.286118401467022,81.23654449576634,24,7.0,False,True
moderate,3,30073,167.32925822878556,0.9964937826911655,0,0,7.210404483413955,3.497933107225232,7.232295364038196,8.037656622021643,99.42610313518063,21,7.0,True,True
moderate,3,30074,164.52583303026373,0.9902668940279348,0,2,6.96598399245077,40.52457346202548,5.076800850899112,6.980710033499403,347.0288550412315,2,7.0,False,False
moderate,3,30075,161.24169990264727,0.9957848753664285,0,1,6.8498842592432565,0.7563765108993906,4.050692920784313,4.386906743453199,45.08479277653965,105,7.0,False,False
moderate,3,30076,173.3067219791308,0.9894047094437951,0,6,7.086087164734404,15.123847765658091,2.8982064725939747,6.059318234335667,634.9198643357257,6,7.0,False,False
moderate,3,30077,164.79730556123445,0.9908800030655451,0,1,7.086087164734404,13.643556128846472,5.5065043322420015,6.943550215008078,296.01587615712964,4,7.0,False,True
moderate,3,30078,172.1588748691687,0.992278658057594,0,3,6.96598399245077,1.2309854645921374,4.064059017342101,4.260225585218227,48.63529813059486,65,7.0,False,False
moderate,3,30079,177.03275174440535,0.9973942865901557,0,0,7.086087164734404,0.7393567755817034,4.96384300355852,4.536708464100421,53.56915309784327,108,7.0,False,False
moderate,3,30080,168.80707787054698,0.9984863870633993,0,2,7.086087164734404,27.53199048626485,3.7335577897008823,7.867020179104097,380.76449321577945,3,7.0,False,False
moderate,3,30081,167.82341116874463,0.9948843714674381,0,4,6.8498842592432565,0.7042231096515247,2.8655419253161263,5.030348253433391,73.43355506927995,110,7.0,False,False
moderate,3,30082,172.3994822783077,0.9903818519724867,2,0,6.96598399245077,26.81828780835953,5.407615770069801,6.687918501347043,465.5299568671056,2,7.0,False,False
moderate,3,30083,169.69951577860417,0.9955549594773245,0,1,7.086087164734404,14.10436823248172,4.754479453782326,6.129377661299029,134.74412139125036,6,7.0,False,True
moderate,3,30084,167.92639865085266,0.9947694135228862,0,1,6.8498842592432565,7.004296130707128,5.22744605717204,6.474865846973121,109.34180001676009,12,7.0,False,True
moderate,3,30085,163.7970495276376,0.9997700841108961,0,3,7.086087164734404,0.6120521623626949,4.14751637449444,5.3895825567673095,49.16331943116692,129,7.0,False,False
moderate,3,30086,170.17095236497957,0.9995784875366428,0,4,7.086087164734404,0.8561060319639513,3.892862744120004,5.372912549943692,98.04022126369549,91,7.0,False,False
moderate,3,30087,173.58335989027864,0.9989270591841818,0,3,6.96598399245077,0.6417682380097017,4.178412297882037,4.984239063500919,54.55965903355953,124,7.0,False,False
moderate,3,30088,170.63334017609478,0.9951142873565421,0,1,6.96598399245077,41.00081791366533,5.453821155131939,7.494520335089971,418.2920102082654,2,7.0,False,False
moderate,3,30089,164.53171814159373,0.9926043722338245,0,2,6.96598399245077,3.444359286013906,4.629868159388303,5.585936257756151,105.88799797817128,22,7.0,False,True
moderate,3,30090,167.3267478403901,0.9947885731803116,0,0,7.086087164734404,26.834151610954525,5.674252256856471,10.045590578223283,553.0232814978664,2,7.0,False,False
moderate,3,30091,166.19126954383447,0.9983139501465714,0,1,7.086087164734404,0.5387239200607125,4.0404054097366835,5.024780844846452,82.55276542779022,146,7.0,False,False
moderate,3,30092,160.70241731072534,0.9957273963941524,0,1,7.086087164734404,3.5168073609386834,6.38500772677957,11.300594625282317,90.26245511145615,21,7.0,False,True
moderate,3,30093,172.8486630445032,0.9957657157090031,0,0,6.96598399245077,20.804759864439088,5.263678016084786,7.016228289028135,266.83729949017464,4,7.0,False,False
moderate,3,30094,168.11177294084732,0.9966853792654188,0,3,7.086087164734404,3.4762515906627516,4.646785625059145,4.874360296745131,88.96173379246974,21,7.0,False,True
moderate,3,30095,167.4466827778074,0.9938114306516199,0,4,7.086087164734404,0.568931419848123,4.634190848773859,4.430823186476403,47.94411338826521,140,7.0,False,False
moderate,3,30096,178.87793992592935,0.9876037016458146,1,1,7.086087164734404,7.103933295909515,6.168988203059561,7.178831196352889,123.64964729061344,10,7.0,False,True
moderate,3,30097,170.48933995518559,0.9972601689881785,0,1,7.086087164734404,3.5613546035358397,6.198325563490885,5.548815956883838,95.44005838246773,22,7.0,False,True
moderate,3,30098,167.2112227172269,0.9972601689881785,0,0,6.96598399245077,0.6125539129810778,5.983983221276872,4.85158921267479,53.24323244526585,129,7.0,False,False
moderate,3,30099,174.6658635697778,0.9940605061981492,0,5,7.086087164734404,0.9826610923257924,3.162258184258882,4.405944630270395,50.376946859720384,81,7.0,False,False
moderate,3,30100,163.66752661479904,0.993638993734792,0,2,6.96598399245077,0.574262381803851,4.002507953416674,5.14151844133704,82.78612175416367,138,7.0,False,False
moderate,3,30101,173.17604957335857,0.994462859004081,0,5,7.086087164734404,1.602802090135058,3.409684926629781,5.753352903855387,126.9463552965311,48,7.0,False,False
moderate,3,30102,172.67573333982273,0.9996934454811948,0,0,6.96598399245077,3.500357067944784,6.418752402232549,11.298686780921713,94.29731580412604,24,7.0,False,True
moderate,3,30103,168.07894500587852,0.9948843714674381,0,0,7.086087164734404,0.9126971595824105,7.263936215380536,6.386414184063014,62.820114211104006,87,7.0,False,False
moderate,3,30104,173.00812062068866,1.0,0,0,6.96598399245077,6.988869321891468,5.380217342067464,7.642781298748653,109.09021708882527,12,7.0,False,True
moderate,3,30105,171.76584037109114,0.9973368076178798,0,4,6.96598399245077,0.7286605050534325,3.64559136001527,3.818116610893827,42.69954977342838,109,7.0,False,False
moderate,3,30106,179.59117655433417,0.9949610100971394,0,5,6.96598399245077,0.6674917044190178,3.047600594231516,3.74232010235995,44.330004340897844,119,7.0,False,False
moderate,3,30107,158.66074232562735,0.994290422087253,0,0,6.96598399245077,6.924458584815639,6.612736296871579,8.72254840362547,103.79173124452912,12,7.0,False,True
moderate,3,30108,164.00849860516965,0.9982373115168701,0,3,7.086087164734404,3.4107996461783388,3.946044110765252,6.379545368967897,135.64507773322632,24,7.0,False,True
moderate,3,30109,164.3974929667218,0.9937156323644933,0,2,6.8498842592432565,27.55688865931347,5.059818959963742,5.676638697033807,321.1025833533831,2,7.0,False,False
moderate,3,30110,171.19478531221847,0.9985055467208246,0,1,6.96598399245077,3.5110483981961553,5.486007841429656,5.7157493968947435,65.01336284403524,24,7.0,False,True
moderate,3,30111,161.60659439575778,0.996110589542659,0,2,6.96598399245077,3.5725340339345157,4.599890580304954,5.226632472925191,73.709560939883,23,7.0,False,True
moderate,3,30112,171.11125271114975,0.997585883164409,1,1,6.96598399245077,41.031309949813796,4.739022228455942,7.6587538837816815,450.5435614144959,2,7.0,False,False
moderate,3,30113,169.84741422537112,0.9941754641427011,1,0,7.086087164734404,6.976304809519498,6.093250587224726,9.233708403268425,97.71373456046729,12,7.0,False,True
moderate,3,30114,167.22396175483948,0.9954016822179219,0,1,7.086087164734404,3.479659843421963,5.510176432691956,5.91139537975854,78.35159417846072,24,7.0,False,True
moderate,3,30115,167.89672201707677,0.9996168068514935,0,0,7.086087164734404,2.291547007368935,4.94208464729719,5.231355832123895,112.80441505556738,36,7.0,False,False
moderate,3,30116,161.1050903511727,0.9920295825110647,0,0,7.086087164734404,27.516179040604523,5.414957966086447,6.3280469382656355,329.0166849175824,2,7.0,False,False
moderate,3,30117,168.56689225103636,0.9917613473071102,0,1,6.96598399245077,3.445960029809514,6.305923086064098,6.302715354586187,84.33912226191165,24,7.0,False,True
moderate,3,30118,174.0809481604932,0.9981223535723182,0,1,6.96598399245077,6.907048321904163,4.732322697507568,6.028443195250047,129.3508660811238,12,7.0,False,True
moderate,3,30119,170.69118718664325,0.9993677313049643,0,0,6.96598399245077,3.4790719753264243,6.241637814423006,7.2605790219138715,98.18007577644394,24,7.0,False,True
moderate,3,30120,178.4304014986951,0.9944245396892304,0,1,7.086087164734404,0.5907065434288985,4.963248590843629,5.112754682594357,57.49618002670598,134,7.0,False,False
moderate,3,30121,174.58831635142332,0.9953058839307953,0,7,6.96598399245077,0.9895002664069031,2.627415060653428,4.025587952735754,47.22383443411804,80,7.0,False,False
moderate,3,30122,163.03431920166122,0.9962638668020616,0,0,6.96598399245077,27.485744347631957,8.007731968788663,7.670206553818783,452.6365981740721,2,7.0,True,False
moderate,3,30123,172.45617749676637,0.9938305903090453,0,0,6.96598399245077,3.486928208332145,5.614739025392204,9.4486308444792,117.22712082651299,24,7.0,False,True
moderate,3,30124,167.62714678564035,0.9999808403425747,0,0,6.96598399245077,7.074408186181432,7.184584077821475,7.914453574975541,128.0826269591806,12,7.0,True,True
moderate,3,30125,166.39417098180297,0.9990803364435844,0,2,6.96598399245077,7.035846337690574,5.73998406426284,7.484885411646591,108.58296899884934,12,7.0,False,True
moderate,3,30126,166.5483551517134,0.9945969766060583,0,3,7.086087164734404,24.570918885928062,3.6773745841959102,5.581256262646214,289.8415575650626,3,7.0,False,False
moderate,3,30127,169.6226624405464,0.9982564711742954,0,0,6.96598399245077,1.7886596506579158,4.832783586636367,5.206456783404053,129.1145531628901,45,7.0,False,False
moderate,3,30128,169.3187391822033,0.9991186557584351,0,0,6.96598399245077,7.11774981029159,5.857366864076958,6.819253664087262,149.49203746073005,12,7.0,False,True
moderate,3,30129,172.24341322608345,0.9915889103902822,0,2,6.8498842592432565,17.345478622124045,4.738614727368148,6.246411261021174,290.01690138097393,5,7.0,False,False
moderate,3,30130,165.90017271934593,1.0,0,2,6.96598399245077,3.5554025472130477,5.069743733785663,7.2531168600421765,85.19837162079824,22,7.0,False,True
moderate,3,30131,168.38467473721522,0.9954400015327726,0,0,6.96598399245077,0.5618908788407415,4.905363595035584,5.014470131781513,50.610362823944044,140,7.0,False,False
moderate,3,30132,177.19753805804496,0.9971835303584772,0,5,7.086087164734404,1.6707820771264092,3.429955521210682,4.110057074111336,63.30913841534613,48,7.0,False,False
moderate,3,30133,173.4763033512972,0.9968578161822467,0,4,6.96598399245077,27.536875268661074,3.8822487427933816,7.1234883913537885,350.23888421414904,3,7.0,False,False
moderate,3,30134,175.36949791426773,0.9951909259862434,0,0,7.086087164734404,33.87071418866385,5.9873324925113725,7.118789713940496,330.9530123085658,3,7.0,False,False
moderate,3,30135,161.6264461707527,0.999176134730711,0,1,6.96598399245077,6.973947797182405,5.30588816148123,5.803592088192838,97.46328391213588,12,7.0,False,True
moderate,3,30136,166.15587438713635,0.9982756308317208,0,0,6.96598399245077,41.01121037941835,5.304135243911009,7.564509940268802,464.34190004041034,2,7.0,False,False
moderate,3,30137,162.97134398128375,0.9963405054317629,0,0,7.086087164734404,3.4850140100522227,6.60419344007651,6.4191544377768714,84.12662559742489,24,7.0,False,True
moderate,3,30138,179.26855256809876,0.9920104228536394,0,1,6.96598399245077,3.5393098761566253,6.116790734707456,6.672617720362729,98.06851495408608,22,7.0,False,True
moderate,3,30139,167.5912257848895,0.9984672274059739,0,0,6.96598399245077,1.8819773748709823,6.368292009912697,6.115423613113051,84.379609727403,42,7.0,False,False
moderate,3,30140,175.6768735880254,0.9979882359703408,0,0,6.8498842592432565,3.4707349586821947,7.256076431550605,11.458650321529316,122.19393743906349,24,7.0,True,True
moderate,3,30141,169.7974789346156,0.9949801697545648,0,5,7.086087164734404,14.229433905194282,3.999593625851604,5.587340693987391,133.14400964103967,6,7.0,False,True
moderate,3,30142,174.4034295977357,0.9988312608970552,1,3,6.96598399245077,3.0637291069898787,4.525713343128078,4.119788685422463,76.87464935279831,27,7.0,False,False
moderate,3,30143,166.43693908362835,0.9971835303584772,0,5,7.086087164734404,1.0087269770048313,3.579327927354505,4.944404182246185,51.737681679764336,79,7.0,False,False
moderate,3,30144,163.87375859233543,0.9997126051386201,0,4,7.086087164734404,2.2614880811621383,3.550769806865175,4.931880418840608,84.47389934074235,35,7.0,False,False
moderate,3,30145,173.50181375988595,0.9944436993466557,0,0,6.96598399245077,6.975774412298922,5.314192853388173,10.570961475605683,118.31638073878104,12,7.0,False,True
moderate,3,30146,172.32094785866536,0.9999042017128734,0,2,6.96598399245077,6.943379005852015,4.8643144335144015,7.163040385146716,100.35988107104376,12,7.0,False,True
moderate,3,30147,176.06439101883007,0.9941563044852758,0,2,6.96598399245077,1.2188164749726793,4.348983157118377,4.5134526923714775,66.78370824875213,64,7.0,False,False
moderate,3,30148,166.01577417472097,0.9935431954476655,0,0,6.96598399245077,3.476604013669876,5.378971214484484,6.310398502239106,66.99384033415079,24,7.0,False,True
moderate,3,30149,164.1556040527965,0.9995784875366428,0,4,7.086087164734404,6.949482025943652,3.1083767737228456,5.459703517795688,108.32595301668579,12,7.0,False,True
