tic_id,tmag,teff,radius,n_points,cdpp_1h_ppm,top_period,top_sde,top_snr,n_detections,n_candidates,detections
149176684,10.705,nan,nan,34723,259.7408228233968,0.6892993631249288,6.002241324202332,5.117096877813593,0,0,
280051640,7.5406,5719.0,1.65876,36554,61.22039917305286,0.5513389209031471,5.474312589097515,5.251285372349417,0,0,
38425745,8.9104,6250.0,4.54964,36556,158.8582793228059,1.0824666408347603,5.662695042256617,8.800705403694138,0,0,
314864223,10.8379,5546.0,0.851344,36574,279.70694516554374,0.7432599309284773,6.085827007270699,5.636906314665352,0,0,
167086013,9.4674,6037.0,0.953466,35829,151.3319065488332,0.9099090138881247,4.3911434253199095,5.998584976253021,0,0,
201295243,6.6721,6311.53,2.15576,36541,47.6330441834103,0.8038228053564447,6.4089335900449536,6.145327073860275,0,0,
425905360,10.0045,5624.0,0.988742,36570,203.51407349940308,0.5581982900796754,5.794600962774048,5.194212542184604,0,0,
259862349,4.1979,10483.4,2.28047,36506,18.001211247928037,0.8533693352839827,6.0252219145669805,6.429258453605614,0,0,
259901389,10.4822,5615.0,0.767526,34828,926.2032431281771,0.8985426526937935,2.4637789087600943,2.8753934933843386,0,0,
150431120,9.0395,6574.0,1.61631,36562,123.53686988000916,0.8383148991125287,5.811191232894506,5.43157081756339,0,0,
281667171,5.3739,6029.69,1.39926,36543,33.35377629058815,0.7861423672853806,5.08993059629973,6.3562038394033085,0,0,
358155844,8.6221,7671.0,2.012,36564,98.97823778636668,0.662862644376725,3.790977132157332,4.477399090547142,0,0,
33910267,7.5425,6330.0,1.21847,36248,1145.4697049846009,4.843015294484631,3.5414216796160196,4.281490642984741,0,0,
55400333,10.6199,6225.9,1.10302,34051,250.14721699474887,0.9986513855238464,5.437254051979888,6.52372087632289,0,0,
176954932,10.4291,3349.0,0.37165,15963,267.31822985986946,7.213106740760516,5.66474500815424,6.697420197966021,0,0,
55298271,8.1799,6771.0,1.8078,36555,107.23283593023862,1.5506387639318278,4.005682089606588,6.160923844291997,0,0,
350820812,10.3673,5512.0,0.835055,36571,337.70106150599025,0.4999073678614914,6.247895145064728,6.359781972726684,0,0,
348958418,9.5178,6213.26,1.76555,35135,159.57393217733042,0.5174494555914668,5.1219535471384035,4.953123907331227,0,0,
25132999,10.8124,3945.0,0.606897,36367,500.20916956772265,2.49203463159633,3.434982536687012,4.3244767992080995,0,0,
149973044,10.9643,5582.0,0.842918,36566,301.571088244417,0.5757827129160876,4.654679773937145,5.363865609375455,0,0,
52151154,8.9156,6049.3,1.44007,36552,105.8224060177951,0.5366908558419504,4.936949462037378,5.316979844768094,0,0,
358460382,9.682,5610.26,1.14286,35846,150.33312444546004,2.8186685893616286,5.2203116501158515,6.132286004884076,0,0,
309659436,9.5496,6507.0,1.69734,33049,143.60701033339708,0.9535773426136591,4.811830955388143,5.658861122829574,0,0,
167720624,10.4564,5964.96,1.20506,33667,256.7074547876097,2.3419363148056527,5.111836272760778,6.072791509968526,0,0,
308454245,8.248,10222.0,3.06129,35842,80.95234849775794,0.8318040820837855,7.91439503464548,8.49370712827224,2,1,"P=0.8318 d, depth 50 ppm, S/N 8.5, SDE 7.9: planet candidate (passes all tests); P=0.8309 d, depth 47 ppm, S/N 7.9, SDE 9.6: occultation of signal 1 (phase 0.54), consistent with a planet"
308398308,10.9117,5405.0,0.790037,35855,306.2498072960191,1.1269048625634863,5.381326331450262,5.579478824355857,0,0,
471015740,10.328,nan,0.367,34619,984.5791195627748,1.0400230446607677,4.841495812218222,5.307331372104232,0,0,
38508644,9.9715,6356.15,1.41833,36571,189.36272712051368,1.1391180155874214,4.5251207376135945,6.053833693400876,0,0,
55451820,9.6011,6921.05,1.85759,32961,8726.00923847826,nan,nan,nan,0,0,
167551097,10.389,4830.09,0.70055,33911,244.23836359885354,0.519241916264991,6.398274452073361,6.6571367062149704,0,0,
149250753,5.9953,7545.83,3.66549,36576,1662.4420568528458,nan,nan,nan,0,0,
139267284,9.8121,5802.0,1.04371,36566,162.6203074800079,0.5504611528434846,6.341416654376797,6.339974811777163,0,0,
234334438,7.7144,8072.0,3.51025,36558,65.97541859502147,0.9092482671950399,5.602927274728549,5.083157637130927,0,0,
350623126,8.8018,5468.0,2.64898,36563,119.28302121964211,1.934975710270878,4.284778298484985,5.069300438466607,0,0,
234515928,10.5571,5461.1,1.0141,36571,227.28681154064333,1.0723753514836423,5.428341758139905,5.308374533212877,0,0,
300555859,8.9996,8402.0,1.55262,34263,104.88585058691523,0.6250986931900939,6.453608190379878,5.775354189006454,0,0,
38909679,6.5958,8204.0,3.04067,36552,89.98364668134003,0.572751569029938,5.60147947808012,6.9048970510390975,0,0,
355788712,9.1725,4140.0,0.66993,36549,229.46463987653945,0.5001976719569479,6.734667085426445,6.333362854172046,0,0,
149178675,10.9805,5269.0,1.07113,36572,308.8380448978924,0.9937706177247971,6.511723483010488,6.353694928513734,0,0,
33831807,9.9059,6111.0,1.38308,36569,269.126630331313,3.521640499728645,5.537462065258754,5.695222365119422,0,0,
349092262,10.6901,5331.0,0.786107,34853,296.82473617951933,0.9172136201446632,5.557145899403257,5.104103181500406,0,0,
149155360,9.9795,6136.0,1.42655,34483,170.02548260163326,0.5320245598451333,5.418048799045159,5.132331139976129,0,0,
231831964,7.7066,8223.0,3.14119,36568,130.6110722981007,nan,nan,nan,0,0,
238874577,7.9105,6041.0,1.17361,36551,71.58466561338574,0.9943947982109921,4.508059261480754,5.6224393832899775,0,0,
364537540,10.4272,5995.0,1.13484,36570,224.1095181406696,0.6330464217647754,4.719513661841133,5.3419395408320645,0,0,
260657210,8.2299,6238.0,1.12792,36559,110.81636831151384,0.9812326800790035,4.054509068972102,4.773229835098045,0,0,
279476396,5.722,7118.48,1.9884,36538,73.01276420555769,2.636981903178154,3.4190564451861007,5.641056239538894,0,0,
220398107,10.5362,5510.44,0.89525,36572,272.80951874600044,0.5236273395191093,4.792256009715794,6.095219461002108,0,0,
349370704,10.4667,5764.0,1.07369,34303,235.82975062035152,1.190686794758788,5.1605661096939395,5.086094243837558,0,0,
426029868,9.7186,6169.9,1.21125,36571,169.03365618409063,2.6149548606441,5.351731561558575,5.375851911052941,0,0,
300243913,10.8685,4342.8,nan,33266,293.88301934271595,0.5117303688507739,5.946697579547592,5.513819694451084,0,0,
51937176,10.3364,5772.0,1.10437,36434,217.16302517664602,2.2944335285257464,5.233870332859886,5.7046993321836155,0,0,
41458738,9.7086,7449.0,1.58239,35844,166.59664661517934,3.4990289656162177,5.741693869399164,6.986905519216519,0,0,
300033857,9.0949,7534.0,2.06469,34584,694.7960553498164,0.9177880531630374,3.0821625095050975,3.531417011084393,0,0,
32053388,7.6753,6861.0,2.02766,36218,8942.850664042035,0.6460257146908933,1.0866044419366916,2.176309558005811,0,0,
307087051,10.6427,5920.0,0.983792,35111,275.62220982263074,1.7551346313756004,5.321614752317652,5.914884143745887,0,0,
261104864,9.7274,6793.0,2.20292,36570,184.4557624315198,4.422335994628889,3.645893847117327,5.39136070826261,0,0,
350480893,8.9987,6021.8,1.60668,36278,115.33644025680906,1.0403728071905287,5.389155719713359,8.448773851597897,0,0,
300444242,10.2385,5930.0,0.895793,35730,857.3606187128745,0.5984712335252693,4.053019358732144,4.169749061644414,0,0,
370136985,9.5222,4523.0,0.826346,36451,306.12127173047014,0.5771210999473251,4.049451748770931,4.267182923130279,0,0,
271797685,9.4068,6055.5,1.37336,35835,138.43791098839185,0.7498227505202893,5.7830544045607555,5.330444494780836,0,0,
167796443,7.8483,6063.08,1.39363,36551,69.64601285467994,2.3602786821395667,5.824516119508202,5.851224261845663,0,0,
355602286,10.0439,5007.5,1.04735,36571,176.95872647422934,0.6805760789049246,5.421635050091304,5.64316960674553,0,0,
469966859,9.65,6191.0,1.19227,36570,143.6566969783579,0.5827803816076158,6.366101583135994,5.9529094542795695,0,0,
149218100,8.8821,6792.0,1.40914,36073,209.41191035403705,0.7604604942651323,3.9160064377349744,3.6883285939326997,0,0,
358071115,6.394,6345.14,1.43268,36548,39.27320956931886,1.1197372293988908,5.1640286388353385,4.500537826929073,0,0,
140688941,8.7932,6494.0,1.30995,36559,220.0751681489703,3.6323756278243806,3.7742679697619335,5.653638603728056,0,0,
339633702,9.503,5851.0,1.0376,36516,1309.737046026881,1.3741015008983362,3.6799524047366465,5.144146704192483,0,0,
260079188,9.6279,5155.0,0.787592,36567,170.16070072518937,0.5437038558438019,6.229657874736399,5.708041948442431,0,0,
25153041,9.361,5493.49,1.14647,36560,124.29466012351523,0.7825670506175227,4.840922253789346,4.654944140230077,0,0,
41460940,10.0862,6111.74,1.28375,35850,186.76036858535636,1.9537042382405654,5.532704301282432,5.981512542953932,0,0,
237915249,9.9691,4714.0,0.735272,36569,255.329115895885,0.5075792911218413,5.152983661847054,4.669591225063057,0,0,
50491833,10.6506,4528.3,0.502183,36571,263.2929291837354,0.6784606166975495,5.211230984374801,5.0842217118321935,0,0,
219194936,10.4148,6404.0,1.15508,36574,219.55672638312467,2.261704499720581,5.341836572122277,6.102868181240006,0,0,
238870744,7.8014,6420.0,1.82644,36552,109.89370292872533,1.2147093905031956,4.72654045369248,4.422953268966419,0,0,
260044119,10.5338,6134.0,1.1496,36271,271.28402678450647,0.695197159255482,5.450780916854629,5.298190323323447,0,0,
149275235,8.8471,6288.0,1.13299,35446,378.10708356525987,1.0617930819208592,6.144922118888901,8.243866064846959,0,0,
140663885,9.9919,5785.08,1.23637,36570,179.01285101964456,0.5883931494872933,6.861102375786561,6.366799080279739,0,0,
350182638,7.7668,6787.0,1.25751,35839,82.99547805057423,0.8636965854061914,4.108418448896577,4.702906878141726,0,0,
281741984,9.4624,6025.0,1.22852,36571,139.04521254945513,0.5447120441267043,5.597932162273698,5.505244629377396,0,0,
278959976,10.5902,5480.18,1.41355,36578,281.0786820112856,0.749706653825693,4.844557068330106,5.573259369473084,0,0,
55781680,8.6951,5535.76,0.959341,36558,97.39402983094027,1.0000515348725798,4.542451011740019,4.979609530039929,0,0,
231907114,8.0937,6190.6,1.59621,36562,70.64669353489629,0.7867438588558158,4.997373810771624,5.706697749940526,0,0,
281598203,9.6365,6239.0,1.34486,36571,167.53531253610709,1.2719887356415642,7.790727944988581,7.669515740361487,1,1,"P=1.2720 d, depth 90 ppm, S/N 7.7, SDE 7.8: planet candidate (with caveats)"
300710088,9.423,6411.0,1.09318,34812,357.7777599232244,2.5330053129649253,5.298848760573269,6.011778251419993,0,0,
278728169,10.7821,5405.0,0.833388,35069,384.2982000890429,19.7184566160216,5.491151817518944,7.858760869923338,0,0,
201353088,8.3993,5711.2,1.29277,36565,77.39974613531939,0.5395490826042242,5.179600828177809,5.174400469700288,0,0,
167889542,6.881,6500.82,1.37245,35826,47.69089171245402,0.6749656863118858,5.452110547978938,5.427918214601302,0,0,
39017515,10.6358,5876.0,0.918971,36573,258.24348558406945,2.6389965772121724,4.980477331988002,5.750133973988035,0,0,
260004559,10.3939,5289.0,0.948317,36572,248.22927242000694,0.5733415890282966,4.46412266228361,6.143443226115469,0,0,
141435758,10.4531,6063.86,1.25206,34855,234.96314479895543,0.7357394704517735,5.920250383229914,6.363227224838337,0,0,
431589581,10.4132,5906.0,1.20163,36572,213.96027272149874,0.9398409009999307,5.318886286349002,5.566064656587977,0,0,
141528280,9.8375,6168.2,1.56934,35964,162.566347348666,2.3533458175982465,5.519846602365715,5.501017278403696,0,0,
271554665,10.6386,5372.2,0.838701,34391,438.8136607828925,13.821115126757585,5.973114792894411,7.374555519565331,0,0,
382572796,9.8046,6469.75,1.89626,35847,176.47246656280342,0.7092120220984554,5.706626996156815,5.18723049657374,0,0,
167722437,8.4216,7492.0,1.66011,36571,499.49570065048454,2.10318099191217,5.219736233487964,7.213894264225691,0,0,
389729946,10.6992,5228.0,0.81627,36567,273.5901758515612,7.121576505087751,5.579463400661971,6.546053486816632,0,0,
238198796,9.9075,5735.1,1.30251,36565,167.83329312636195,0.8714877127762075,5.352461910653416,5.8082393254780325,0,0,
382257922,10.9353,3620.0,0.430095,36571,296.9491765828645,3.014225442744823,5.569039464651923,6.187082792786662,0,0,
382145732,9.6475,6163.0,1.05325,36569,152.76232143893503,0.5585089337374713,5.020559969421446,5.87507757167446,0,0,
